date,m1,m2,m3,m6,y1,y2,y3,y5,y7,y10,y20,y30
20190401,2.42,2.43,2.43,2.46,2.41,2.33,2.29,2.31,2.4,2.49,2.71,2.89
20190402,2.43,2.42,2.42,2.45,2.41,2.3,2.26,2.28,2.38,2.48,2.7,2.88
20190403,2.42,2.43,2.44,2.45,2.41,2.33,2.29,2.32,2.42,2.52,2.75,2.93
20190404,2.43,2.43,2.44,2.46,2.41,2.33,2.29,2.32,2.41,2.51,2.74,2.92
20190405,2.42,2.43,2.44,2.46,2.43,2.35,2.3,2.31,2.4,2.5,2.72,2.91
20190408,2.43,2.44,2.43,2.48,2.43,2.36,2.31,2.33,2.42,2.52,2.74,2.93
20190409,2.42,2.43,2.42,2.46,2.42,2.35,2.31,2.31,2.4,2.51,2.73,2.92
20190410,2.4,2.41,2.43,2.46,2.41,2.31,2.27,2.28,2.37,2.48,2.71,2.9
20190411,2.42,2.43,2.43,2.46,2.44,2.35,2.3,2.31,2.4,2.51,2.74,2.94
20190412,2.41,2.43,2.44,2.47,2.44,2.4,2.36,2.38,2.47,2.56,2.78,2.97
20190415,2.42,2.43,2.43,2.46,2.43,2.4,2.36,2.37,2.46,2.55,2.77,2.96
20190416,2.43,2.44,2.43,2.47,2.45,2.41,2.38,2.41,2.5,2.6,2.81,2.99
20190417,2.43,2.44,2.44,2.47,2.44,2.4,2.37,2.4,2.49,2.59,2.81,2.99
20190418,2.44,2.44,2.42,2.47,2.44,2.38,2.36,2.38,2.46,2.57,2.78,2.96
20190422,2.44,2.44,2.44,2.47,2.46,2.38,2.36,2.39,2.49,2.59,2.82,2.99
20190423,2.43,2.44,2.45,2.46,2.43,2.36,2.34,2.36,2.46,2.57,2.81,2.98
20190424,2.42,2.43,2.44,2.46,2.42,2.32,2.28,2.32,2.41,2.53,2.76,2.94
20190425,2.43,2.44,2.43,2.46,2.42,2.33,2.29,2.33,2.42,2.54,2.76,2.94
20190426,2.42,2.43,2.42,2.46,2.41,2.28,2.25,2.29,2.39,2.51,2.74,2.92
20190429,2.45,2.45,2.44,2.47,2.42,2.3,2.27,2.32,2.42,2.54,2.78,2.96
20190430,2.43,2.44,2.43,2.46,2.39,2.27,2.24,2.28,2.39,2.51,2.75,2.93
20190501,2.42,2.41,2.43,2.44,2.39,2.31,2.28,2.31,2.41,2.52,2.74,2.92
20190502,2.44,2.46,2.47,2.46,2.41,2.35,2.32,2.34,2.44,2.55,2.77,2.94
20190503,2.42,2.44,2.43,2.46,2.41,2.33,2.3,2.33,2.43,2.54,2.75,2.93
20190506,2.43,2.44,2.44,2.46,2.39,2.31,2.27,2.3,2.4,2.51,2.73,2.91
20190507,2.44,2.44,2.43,2.46,2.37,2.28,2.24,2.25,2.35,2.45,2.68,2.86
20190508,2.42,2.43,2.43,2.45,2.37,2.3,2.26,2.28,2.38,2.49,2.71,2.89
20190509,2.43,2.43,2.43,2.46,2.36,2.26,2.22,2.25,2.34,2.45,2.69,2.87
20190510,2.42,2.43,2.43,2.45,2.36,2.26,2.23,2.26,2.37,2.47,2.7,2.89
20190513,2.41,2.42,2.41,2.42,2.32,2.18,2.15,2.18,2.28,2.4,2.65,2.83
20190514,2.41,2.42,2.41,2.43,2.32,2.2,2.17,2.2,2.3,2.42,2.67,2.86
20190515,2.4,2.41,2.42,2.43,2.3,2.16,2.12,2.15,2.25,2.37,2.63,2.82
20190516,2.4,2.41,2.4,2.43,2.33,2.2,2.15,2.18,2.28,2.4,2.65,2.84
20190517,2.39,2.4,2.39,2.42,2.33,2.2,2.15,2.17,2.27,2.39,2.63,2.82
20190520,2.39,2.39,2.39,2.42,2.34,2.21,2.17,2.21,2.3,2.41,2.65,2.83
20190521,2.37,2.38,2.39,2.42,2.36,2.26,2.2,2.23,2.33,2.43,2.67,2.84
20190522,2.36,2.37,2.38,2.41,2.37,2.23,2.17,2.19,2.28,2.39,2.64,2.82
20190523,2.38,2.38,2.37,2.4,2.32,2.12,2.08,2.11,2.2,2.31,2.56,2.75
20190524,2.37,2.38,2.35,2.39,2.33,2.16,2.1,2.12,2.22,2.32,2.57,2.75
20190528,2.35,2.36,2.37,2.38,2.31,2.12,2.06,2.06,2.16,2.26,2.52,2.7
20190529,2.35,2.36,2.37,2.38,2.3,2.09,2.04,2.05,2.16,2.25,2.5,2.69
20190530,2.37,2.38,2.38,2.4,2.29,2.06,2,2.03,2.12,2.22,2.46,2.65
20190531,2.35,2.38,2.35,2.35,2.21,1.95,1.9,1.93,2.03,2.14,2.39,2.58
20190603,2.36,2.36,2.35,2.31,2.11,1.82,1.79,1.83,1.95,2.07,2.34,2.53
20190604,2.34,2.36,2.35,2.29,2.11,1.88,1.84,1.89,2.01,2.12,2.41,2.6
20190605,2.31,2.35,2.35,2.25,2.04,1.83,1.81,1.86,2,2.12,2.42,2.63
20190606,2.32,2.35,2.33,2.22,2.02,1.88,1.85,1.88,2.01,2.12,2.42,2.62
20190607,2.3,2.32,2.28,2.15,1.97,1.85,1.82,1.85,1.97,2.09,2.36,2.57
20190610,2.3,2.31,2.29,2.21,2.03,1.9,1.87,1.91,2.03,2.15,2.42,2.62
20190611,2.27,2.26,2.27,2.21,2.05,1.93,1.87,1.92,2.03,2.15,2.42,2.62
20190612,2.19,2.22,2.24,2.2,2.02,1.88,1.83,1.88,2,2.13,2.41,2.62
20190613,2.24,2.23,2.19,2.18,2,1.83,1.78,1.84,1.96,2.1,2.39,2.61
20190614,2.23,2.21,2.2,2.18,2,1.84,1.79,1.85,1.96,2.09,2.38,2.59
20190617,2.22,2.21,2.23,2.2,2.03,1.86,1.8,1.85,1.96,2.09,2.37,2.58
20190618,2.18,2.2,2.22,2.2,2.04,1.86,1.8,1.83,1.93,2.06,2.34,2.55
20190619,2.14,2.18,2.18,2.11,1.96,1.74,1.7,1.77,1.89,2.03,2.32,2.54
20190620,2.17,2.15,2.14,2.04,1.91,1.72,1.69,1.74,1.87,2.01,2.31,2.53
20190621,2.16,2.16,2.11,2.05,1.95,1.77,1.74,1.8,1.93,2.07,2.37,2.59
20190624,2.12,2.13,2.13,2.1,1.92,1.72,1.69,1.75,1.88,2.02,2.33,2.55
20190625,2.11,2.12,2.12,2.1,1.93,1.71,1.67,1.73,1.86,2,2.31,2.53
20190626,2.11,2.12,2.15,2.12,1.96,1.77,1.74,1.8,1.92,2.05,2.35,2.57
20190627,2.19,2.15,2.14,2.12,1.93,1.74,1.71,1.76,1.88,2.01,2.31,2.52
20190628,2.18,2.15,2.12,2.09,1.92,1.75,1.71,1.76,1.87,2,2.31,2.52
20190701,2.17,2.16,2.21,2.1,1.94,1.78,1.74,1.79,1.9,2.03,2.34,2.55
20190702,2.21,2.17,2.2,2.09,1.91,1.77,1.71,1.75,1.85,1.98,2.29,2.51
20190703,2.25,2.2,2.21,2.08,1.91,1.77,1.71,1.74,1.83,1.96,2.25,2.47
20190705,2.26,2.22,2.23,2.14,1.98,1.87,1.82,1.84,1.93,2.04,2.34,2.54
20190708,2.23,2.24,2.26,2.14,1.99,1.88,1.84,1.86,1.94,2.05,2.32,2.53
20190709,2.22,2.24,2.26,2.15,2,1.92,1.88,1.88,1.96,2.07,2.34,2.54
20190710,2.18,2.18,2.2,2.07,1.93,1.82,1.79,1.82,1.93,2.07,2.36,2.57
20190711,2.17,2.17,2.17,2.08,1.97,1.85,1.84,1.88,1.99,2.13,2.42,2.65
20190712,2.16,2.18,2.14,2.07,1.96,1.84,1.81,1.86,1.98,2.12,2.42,2.64
20190715,2.17,2.19,2.16,2.06,1.95,1.83,1.8,1.84,1.96,2.09,2.39,2.61
20190716,2.16,2.17,2.15,2.06,2,1.87,1.84,1.88,2,2.13,2.42,2.63
20190717,2.13,2.14,2.14,2.04,1.95,1.83,1.8,1.83,1.94,2.06,2.35,2.57
20190718,2.11,2.12,2.05,2.01,1.9,1.77,1.74,1.78,1.89,2.04,2.34,2.56
20190719,2.11,2.16,2.06,2.03,1.94,1.8,1.77,1.8,1.91,2.05,2.35,2.57
20190722,2.13,2.16,2.09,2.08,1.95,1.8,1.77,1.8,1.92,2.05,2.36,2.58
20190723,2.12,2.15,2.06,2.09,1.97,1.83,1.79,1.83,1.94,2.08,2.38,2.61
20190724,2.1,2.14,2.1,2.08,1.98,1.83,1.79,1.82,1.93,2.05,2.36,2.58
20190725,2.16,2.17,2.1,2.08,1.99,1.86,1.83,1.85,1.95,2.08,2.38,2.6
20190726,2.13,2.15,2.12,2.1,2,1.86,1.83,1.85,1.95,2.08,2.38,2.59
20190729,2.12,2.16,2.12,2.1,1.98,1.85,1.81,1.84,1.93,2.06,2.37,2.59
20190730,2.07,2.1,2.08,2.07,1.97,1.85,1.82,1.84,1.93,2.06,2.36,2.58
20190731,2.01,2.07,2.08,2.1,2,1.89,1.84,1.84,1.92,2.02,2.31,2.53
20190801,2.11,2.14,2.07,2.04,1.88,1.73,1.67,1.68,1.77,1.9,2.21,2.44
20190802,2.11,2.12,2.06,2.02,1.85,1.72,1.67,1.66,1.75,1.86,2.16,2.39
20190805,2.07,2.08,2.05,1.99,1.78,1.59,1.55,1.55,1.63,1.75,2.07,2.3
20190806,2.05,2.08,2.05,2,1.8,1.6,1.54,1.53,1.62,1.73,2.03,2.25
20190807,2.02,2.04,2.02,1.95,1.75,1.59,1.51,1.52,1.6,1.71,2.01,2.22
20190808,2.09,2.07,2.02,1.96,1.79,1.62,1.54,1.54,1.62,1.72,2.02,2.25
20190809,2.05,2.06,2,1.95,1.78,1.63,1.58,1.57,1.65,1.74,2.03,2.26
20190812,2.09,2.06,2,1.94,1.75,1.58,1.51,1.49,1.56,1.65,1.92,2.14
20190813,2.05,2.04,2,1.96,1.86,1.66,1.6,1.57,1.62,1.68,1.94,2.15
20190814,1.98,1.98,1.96,1.92,1.79,1.58,1.53,1.51,1.55,1.59,1.84,2.03
20190815,2.08,1.97,1.91,1.86,1.72,1.48,1.44,1.42,1.47,1.52,1.8,1.98
20190816,2.05,1.95,1.87,1.85,1.71,1.48,1.44,1.42,1.49,1.55,1.82,2.01
20190819,2.06,1.96,1.94,1.9,1.75,1.53,1.49,1.47,1.54,1.6,1.88,2.08
20190820,2.05,1.96,1.94,1.89,1.72,1.5,1.44,1.42,1.49,1.55,1.84,2.04
20190821,2.03,1.98,1.97,1.9,1.77,1.56,1.5,1.47,1.54,1.59,1.87,2.07
20190822,2.1,2.02,2,1.91,1.79,1.61,1.53,1.5,1.56,1.62,1.9,2.11
20190823,2.07,2.02,1.97,1.87,1.73,1.51,1.43,1.4,1.46,1.52,1.82,2.02
20190826,2.09,2.03,2.01,1.9,1.75,1.54,1.47,1.43,1.49,1.54,1.84,2.04
20190827,2.07,2.03,1.98,1.94,1.77,1.53,1.43,1.4,1.44,1.49,1.77,1.97
20190828,2.07,2.04,1.99,1.89,1.74,1.5,1.42,1.37,1.42,1.47,1.76,1.94
20190829,2.1,2.03,1.99,1.89,1.75,1.53,1.44,1.4,1.46,1.5,1.78,1.97
20190830,2.1,2.04,1.99,1.89,1.76,1.5,1.42,1.39,1.45,1.5,1.78,1.96
20190903,2.06,2.01,1.98,1.88,1.72,1.47,1.38,1.35,1.42,1.47,1.77,1.95
20190904,2.05,2.02,1.97,1.87,1.69,1.43,1.36,1.32,1.4,1.47,1.77,1.97
20190905,2.05,2.01,1.97,1.88,1.73,1.55,1.47,1.43,1.51,1.57,1.86,2.06
20190906,2.05,2,1.96,1.88,1.73,1.53,1.46,1.42,1.5,1.55,1.83,2.02
20190909,2.04,1.99,1.96,1.87,1.74,1.58,1.52,1.49,1.57,1.63,1.91,2.11
20190910,2.04,1.99,1.95,1.89,1.81,1.67,1.61,1.58,1.66,1.72,2,2.19
20190911,2.01,1.97,1.96,1.88,1.79,1.68,1.62,1.6,1.68,1.75,2.02,2.22
20190912,1.99,1.97,1.95,1.9,1.82,1.72,1.67,1.65,1.72,1.79,2.06,2.22
20190913,1.99,1.98,1.96,1.92,1.88,1.79,1.76,1.75,1.83,1.9,2.17,2.37
20190916,2.08,2.02,1.99,1.93,1.86,1.74,1.71,1.69,1.77,1.84,2.11,2.31
20190917,2.1,2.06,1.99,1.93,1.87,1.72,1.68,1.66,1.75,1.81,2.08,2.27
20190918,1.94,1.93,1.95,1.91,1.87,1.77,1.72,1.68,1.76,1.8,2.06,2.25
20190919,2.01,1.99,1.93,1.92,1.88,1.74,1.68,1.66,1.73,1.79,2.04,2.22
20190920,1.95,1.94,1.91,1.91,1.84,1.69,1.63,1.61,1.68,1.74,1.99,2.17
20190923,1.94,1.94,1.94,1.93,1.81,1.68,1.61,1.59,1.65,1.72,1.98,2.16
20190924,1.9,1.9,1.92,1.91,1.78,1.6,1.53,1.52,1.58,1.64,1.91,2.09
20190925,1.8,1.86,1.89,1.9,1.82,1.68,1.61,1.6,1.66,1.73,1.99,2.18
20190926,1.91,1.9,1.83,1.88,1.79,1.66,1.61,1.59,1.65,1.7,1.96,2.15
20190927,1.9,1.86,1.8,1.85,1.74,1.63,1.58,1.56,1.62,1.69,1.95,2.13
20190930,1.91,1.87,1.88,1.83,1.75,1.63,1.56,1.55,1.62,1.68,1.94,2.12
20191001,1.79,1.77,1.82,1.81,1.73,1.56,1.51,1.51,1.59,1.65,1.93,2.11
20191002,1.75,1.75,1.79,1.75,1.67,1.48,1.43,1.43,1.53,1.6,1.9,2.09
20191003,1.78,1.75,1.7,1.66,1.58,1.39,1.34,1.34,1.45,1.54,1.85,2.04
20191004,1.73,1.74,1.71,1.65,1.58,1.4,1.35,1.34,1.43,1.52,1.81,2.01
20191007,1.76,1.76,1.75,1.73,1.64,1.46,1.41,1.38,1.47,1.56,1.85,2.05
20191008,1.69,1.72,1.72,1.69,1.62,1.42,1.38,1.36,1.45,1.54,1.84,2.04
20191009,1.69,1.7,1.69,1.69,1.59,1.47,1.43,1.4,1.5,1.59,1.88,2.08
20191010,1.74,1.71,1.68,1.68,1.63,1.53,1.49,1.48,1.57,1.67,1.96,2.16
20191011,1.76,1.74,1.68,1.68,1.67,1.63,1.6,1.59,1.68,1.76,2.04,2.22
20191015,1.74,1.72,1.67,1.67,1.65,1.61,1.6,1.59,1.68,1.77,2.06,2.23
20191016,1.71,1.68,1.66,1.64,1.59,1.58,1.57,1.57,1.65,1.75,2.05,2.23
20191017,1.74,1.7,1.66,1.63,1.59,1.6,1.57,1.57,1.66,1.76,2.05,2.24
20191018,1.75,1.69,1.66,1.63,1.58,1.58,1.56,1.56,1.66,1.76,2.06,2.25
20191021,1.76,1.7,1.67,1.65,1.59,1.62,1.59,1.61,1.7,1.8,2.1,2.28
20191022,1.75,1.69,1.65,1.64,1.59,1.6,1.59,1.6,1.68,1.78,2.07,2.26
20191023,1.74,1.69,1.65,1.64,1.58,1.58,1.58,1.58,1.67,1.77,2.06,2.25
20191024,1.75,1.73,1.67,1.65,1.59,1.58,1.58,1.58,1.67,1.77,2.08,2.26
20191025,1.73,1.72,1.66,1.66,1.6,1.63,1.62,1.62,1.71,1.8,2.1,2.29
20191028,1.74,1.71,1.65,1.65,1.6,1.64,1.65,1.66,1.75,1.85,2.16,2.34
20191029,1.66,1.67,1.63,1.64,1.59,1.64,1.65,1.66,1.74,1.84,2.15,2.33
20191030,1.61,1.6,1.62,1.62,1.59,1.61,1.6,1.61,1.69,1.78,2.08,2.26
20191031,1.59,1.59,1.54,1.57,1.53,1.52,1.52,1.51,1.6,1.69,2,2.17
20191101,1.58,1.58,1.52,1.55,1.53,1.56,1.55,1.55,1.63,1.73,2.03,2.21
20191104,1.58,1.57,1.53,1.57,1.56,1.6,1.59,1.6,1.69,1.79,2.1,2.27
20191105,1.56,1.57,1.56,1.58,1.62,1.63,1.63,1.66,1.77,1.86,2.17,2.34
20191106,1.55,1.56,1.56,1.57,1.58,1.61,1.6,1.63,1.73,1.81,2.13,2.3
20191107,1.57,1.57,1.56,1.58,1.58,1.68,1.7,1.74,1.84,1.92,2.24,2.4
20191108,1.56,1.56,1.55,1.58,1.58,1.68,1.7,1.74,1.86,1.94,2.27,2.43
20191112,1.56,1.56,1.59,1.59,1.58,1.66,1.69,1.73,1.84,1.92,2.24,2.39
20191113,1.56,1.57,1.57,1.59,1.57,1.63,1.65,1.69,1.79,1.88,2.2,2.36
20191114,1.59,1.57,1.57,1.58,1.55,1.58,1.59,1.63,1.73,1.82,2.15,2.31
20191115,1.59,1.56,1.57,1.59,1.54,1.61,1.61,1.65,1.75,1.84,2.16,2.31
20191118,1.59,1.57,1.57,1.58,1.54,1.6,1.59,1.63,1.73,1.81,2.14,2.3
20191119,1.58,1.57,1.57,1.58,1.54,1.6,1.59,1.63,1.71,1.79,2.11,2.26
20191120,1.57,1.56,1.57,1.58,1.54,1.56,1.55,1.58,1.66,1.73,2.05,2.2
20191121,1.57,1.57,1.58,1.59,1.55,1.6,1.59,1.62,1.71,1.77,2.09,2.24
20191122,1.58,1.59,1.58,1.59,1.56,1.61,1.6,1.62,1.71,1.77,2.08,2.22
20191125,1.6,1.6,1.61,1.61,1.58,1.61,1.6,1.62,1.71,1.76,2.07,2.21
20191126,1.63,1.61,1.6,1.62,1.59,1.58,1.58,1.58,1.68,1.74,2.04,2.18
20191127,1.65,1.6,1.62,1.63,1.6,1.63,1.61,1.63,1.71,1.77,2.06,2.19
20191129,1.62,1.6,1.59,1.63,1.6,1.61,1.61,1.62,1.73,1.78,2.07,2.21
20191202,1.6,1.58,1.6,1.62,1.6,1.61,1.63,1.65,1.77,1.83,2.15,2.28
20191203,1.56,1.54,1.57,1.57,1.57,1.53,1.54,1.54,1.65,1.72,2.03,2.17
20191204,1.59,1.54,1.55,1.56,1.56,1.58,1.58,1.6,1.71,1.77,2.08,2.22
20191205,1.52,1.56,1.54,1.55,1.56,1.58,1.6,1.62,1.73,1.8,2.11,2.24
20191206,1.52,1.55,1.53,1.56,1.57,1.61,1.64,1.67,1.78,1.84,2.14,2.29
20191209,1.54,1.54,1.54,1.58,1.56,1.63,1.63,1.67,1.77,1.83,2.13,2.27
20191210,1.53,1.55,1.56,1.57,1.56,1.65,1.67,1.68,1.78,1.85,2.12,2.26
20191211,1.54,1.56,1.57,1.58,1.55,1.61,1.62,1.64,1.74,1.79,2.08,2.23
20191212,1.57,1.57,1.56,1.57,1.55,1.66,1.69,1.73,1.84,1.9,2.18,2.32
20191213,1.55,1.57,1.57,1.56,1.54,1.61,1.62,1.66,1.76,1.82,2.11,2.26
20191216,1.57,1.57,1.57,1.58,1.54,1.65,1.67,1.72,1.82,1.89,2.17,2.3
20191217,1.56,1.56,1.56,1.58,1.53,1.63,1.66,1.71,1.82,1.89,2.18,2.31
20191218,1.56,1.57,1.56,1.58,1.54,1.63,1.67,1.74,1.86,1.92,2.22,2.35
20191219,1.54,1.58,1.57,1.57,1.52,1.62,1.65,1.73,1.84,1.92,2.21,2.35
20191220,1.57,1.59,1.58,1.58,1.52,1.63,1.67,1.73,1.84,1.92,2.21,2.34
20191223,1.57,1.57,1.59,1.6,1.53,1.64,1.67,1.75,1.86,1.93,2.22,2.35
20191224,1.55,1.58,1.58,1.61,1.53,1.62,1.64,1.72,1.83,1.9,2.2,2.33
20191226,1.59,1.6,1.58,1.61,1.53,1.64,1.65,1.72,1.85,1.9,2.19,2.33
20191227,1.56,1.56,1.57,1.59,1.51,1.59,1.6,1.68,1.8,1.88,2.18,2.32
20191230,1.51,1.53,1.57,1.6,1.57,1.58,1.59,1.68,1.81,1.9,2.21,2.34
20191231,1.48,1.51,1.55,1.6,1.59,1.58,1.62,1.69,1.83,1.92,2.25,2.39
20200102,1.53,1.55,1.54,1.57,1.56,1.58,1.59,1.67,1.79,1.88,2.19,2.33
20200103,1.52,1.55,1.52,1.55,1.55,1.53,1.54,1.59,1.71,1.8,2.11,2.26
20200106,1.54,1.54,1.56,1.56,1.54,1.54,1.56,1.61,1.72,1.81,2.13,2.28
20200107,1.52,1.53,1.54,1.56,1.53,1.54,1.55,1.62,1.74,1.83,2.16,2.31
20200108,1.5,1.53,1.54,1.56,1.55,1.58,1.61,1.67,1.78,1.87,2.21,2.35
20200109,1.53,1.55,1.54,1.56,1.54,1.58,1.59,1.65,1.77,1.85,2.17,2.38
20200110,1.52,1.55,1.54,1.55,1.53,1.56,1.59,1.63,1.74,1.83,2.14,2.28
20200113,1.54,1.56,1.57,1.57,1.53,1.58,1.6,1.65,1.76,1.85,2.16,2.3
20200114,1.53,1.56,1.57,1.57,1.53,1.58,1.59,1.63,1.74,1.82,2.12,2.27
20200115,1.53,1.56,1.57,1.58,1.54,1.56,1.56,1.6,1.71,1.79,2.09,2.23
20200116,1.54,1.56,1.55,1.56,1.54,1.58,1.58,1.63,1.73,1.81,2.11,2.26
20200117,1.54,1.56,1.56,1.57,1.56,1.58,1.56,1.63,1.74,1.84,2.16,2.29
20200121,1.52,1.54,1.56,1.57,1.54,1.53,1.53,1.57,1.69,1.78,2.1,2.23
20200122,1.52,1.53,1.55,1.56,1.55,1.53,1.52,1.57,1.68,1.77,2.07,2.22
20200123,1.55,1.57,1.55,1.56,1.55,1.51,1.51,1.55,1.65,1.74,2.03,2.18
20200124,1.54,1.55,1.54,1.55,1.55,1.49,1.48,1.51,1.61,1.7,2,2.14
20200127,1.53,1.55,1.55,1.57,1.53,1.44,1.41,1.44,1.52,1.61,1.91,2.05
20200128,1.53,1.57,1.57,1.58,1.53,1.45,1.45,1.47,1.56,1.65,1.95,2.1
20200129,1.52,1.55,1.56,1.57,1.51,1.42,1.39,1.41,1.51,1.6,1.89,2.05
20200130,1.59,1.58,1.57,1.57,1.48,1.41,1.37,1.39,1.49,1.57,1.88,2.04
20200131,1.56,1.57,1.55,1.54,1.45,1.33,1.3,1.32,1.42,1.51,1.83,1.99
20200203,1.56,1.57,1.57,1.56,1.46,1.36,1.34,1.35,1.45,1.54,1.84,2.01
20200204,1.55,1.57,1.57,1.57,1.48,1.41,1.4,1.42,1.52,1.61,1.91,2.08
20200205,1.55,1.56,1.57,1.57,1.49,1.44,1.43,1.46,1.57,1.66,1.97,2.14
20200206,1.59,1.59,1.57,1.58,1.51,1.44,1.43,1.45,1.56,1.65,1.94,2.11
20200207,1.57,1.58,1.56,1.57,1.49,1.41,1.39,1.41,1.51,1.59,1.89,2.05
20200210,1.58,1.58,1.58,1.58,1.45,1.37,1.36,1.38,1.47,1.56,1.87,2.03
20200211,1.57,1.58,1.57,1.55,1.48,1.41,1.39,1.4,1.5,1.59,1.89,2.05
20200212,1.57,1.59,1.58,1.56,1.49,1.44,1.42,1.45,1.55,1.62,1.93,2.09
20200213,1.59,1.59,1.59,1.56,1.48,1.44,1.42,1.43,1.53,1.61,1.91,2.07
20200214,1.6,1.6,1.58,1.56,1.49,1.42,1.4,1.42,1.51,1.59,1.89,2.04
20200218,1.61,1.6,1.58,1.56,1.47,1.41,1.37,1.39,1.48,1.55,1.85,2
20200219,1.61,1.61,1.58,1.56,1.47,1.42,1.39,1.41,1.5,1.56,1.86,2.01
20200220,1.61,1.6,1.58,1.55,1.46,1.39,1.35,1.37,1.45,1.52,1.81,1.97
20200221,1.6,1.6,1.56,1.53,1.43,1.34,1.3,1.3,1.39,1.46,1.75,1.9
20200224,1.6,1.59,1.53,1.49,1.35,1.26,1.21,1.21,1.3,1.38,1.68,1.84
20200225,1.59,1.58,1.53,1.47,1.3,1.2,1.16,1.16,1.25,1.33,1.63,1.8
20200226,1.59,1.56,1.53,1.42,1.26,1.16,1.14,1.14,1.25,1.33,1.64,1.81
20200227,1.56,1.53,1.45,1.33,1.18,1.11,1.08,1.11,1.22,1.3,1.61,1.79
20200228,1.45,1.37,1.27,1.11,0.97,0.86,0.85,0.89,1.03,1.13,1.46,1.65
20200302,1.41,1.27,1.13,0.95,0.89,0.84,0.85,0.88,1.01,1.1,1.46,1.66
20200303,1.11,1.05,0.95,0.83,0.73,0.71,0.72,0.77,0.91,1.02,1.44,1.64
20200304,1,0.87,0.72,0.68,0.59,0.67,0.68,0.75,0.9,1.02,1.45,1.67
20200305,0.92,0.83,0.62,0.53,0.48,0.59,0.61,0.67,0.81,0.92,1.34,1.56
20200306,0.79,0.64,0.45,0.41,0.39,0.49,0.53,0.58,0.69,0.74,1.09,1.25
20200309,0.57,0.52,0.33,0.27,0.31,0.38,0.4,0.46,0.56,0.54,0.87,0.99
20200310,0.57,0.55,0.44,0.43,0.43,0.5,0.58,0.63,0.73,0.76,1.16,1.28
20200311,0.42,0.42,0.42,0.4,0.4,0.5,0.58,0.66,0.78,0.82,1.13,1.3
20200312,0.41,0.33,0.33,0.37,0.39,0.5,0.58,0.66,0.82,0.88,1.27,1.49
20200313,0.33,0.3,0.28,0.38,0.38,0.49,0.58,0.7,0.89,0.94,1.31,1.56
20200316,0.25,0.25,0.24,0.29,0.29,0.36,0.43,0.49,0.67,0.73,1.1,1.34
20200317,0.12,0.18,0.19,0.24,0.3,0.47,0.54,0.66,0.91,1.02,1.45,1.63
20200318,0.04,0.03,0.02,0.08,0.21,0.54,0.66,0.79,1.08,1.18,1.6,1.77
20200319,0.04,0.04,0.04,0.06,0.2,0.44,0.53,0.66,1,1.12,1.56,1.78
20200320,0.04,0.05,0.05,0.05,0.15,0.37,0.41,0.52,0.82,0.92,1.35,1.55
20200323,0.01,0.04,0.02,0.08,0.17,0.28,0.31,0.38,0.63,0.76,1.12,1.33
20200324,0.01,0.01,0.01,0.09,0.25,0.38,0.44,0.52,0.75,0.84,1.19,1.39
20200325,0,0,0,0.07,0.19,0.34,0.41,0.56,0.77,0.88,1.23,1.45
20200326,0.01,0.01,0,0.04,0.13,0.3,0.36,0.51,0.72,0.83,1.2,1.42
20200327,0.01,0.03,0.03,0.02,0.11,0.25,0.3,0.41,0.6,0.72,1.09,1.29
20200330,0.04,0.07,0.12,0.12,0.14,0.23,0.29,0.39,0.57,0.7,1.1,1.31
20200331,0.05,0.12,0.11,0.15,0.17,0.23,0.29,0.37,0.55,0.7,1.15,1.35
20200401,0.03,0.07,0.09,0.14,0.16,0.23,0.28,0.37,0.51,0.62,1.04,1.27
20200402,0.09,0.1,0.09,0.15,0.14,0.23,0.29,0.39,0.53,0.63,1.04,1.26
20200403,0.09,0.11,0.1,0.15,0.15,0.23,0.3,0.39,0.52,0.62,1.05,1.24
20200406,0.09,0.13,0.15,0.17,0.2,0.27,0.35,0.44,0.58,0.67,1.08,1.27
20200407,0.1,0.13,0.14,0.2,0.2,0.28,0.36,0.48,0.64,0.75,1.13,1.32
20200408,0.14,0.17,0.22,0.24,0.23,0.27,0.34,0.47,0.65,0.77,1.18,1.37
20200409,0.2,0.27,0.25,0.24,0.25,0.23,0.29,0.41,0.6,0.73,1.15,1.35
20200413,0.17,0.29,0.26,0.27,0.27,0.25,0.31,0.44,0.63,0.76,1.19,1.39
20200414,0.17,0.19,0.2,0.24,0.25,0.23,0.29,0.42,0.61,0.76,1.19,1.41
20200415,0.14,0.15,0.14,0.19,0.19,0.2,0.24,0.34,0.49,0.63,1.06,1.27
20200416,0.14,0.15,0.14,0.18,0.17,0.2,0.25,0.35,0.5,0.61,1.01,1.21
20200417,0.12,0.12,0.12,0.16,0.16,0.2,0.26,0.36,0.53,0.65,1.08,1.27
20200420,0.1,0.1,0.12,0.15,0.15,0.2,0.26,0.35,0.51,0.63,1.04,1.23
20200421,0.08,0.08,0.11,0.14,0.17,0.2,0.24,0.34,0.48,0.58,0.98,1.17
20200422,0.09,0.09,0.12,0.14,0.16,0.22,0.26,0.37,0.52,0.63,1.03,1.22
20200423,0.09,0.12,0.11,0.14,0.17,0.22,0.26,0.37,0.51,0.61,0.99,1.18
20200424,0.1,0.11,0.12,0.14,0.18,0.22,0.26,0.36,0.51,0.6,0.98,1.17
20200427,0.09,0.13,0.12,0.15,0.17,0.24,0.29,0.41,0.56,0.67,1.06,1.25
20200428,0.08,0.09,0.11,0.13,0.16,0.2,0.26,0.37,0.52,0.62,1,1.2
20200429,0.1,0.09,0.1,0.12,0.18,0.2,0.24,0.36,0.52,0.63,1.02,1.24
20200430,0.1,0.1,0.09,0.11,0.16,0.2,0.24,0.36,0.53,0.64,1.05,1.28
20200501,0.1,0.11,0.12,0.12,0.17,0.2,0.25,0.36,0.53,0.64,1.04,1.27
20200504,0.1,0.1,0.13,0.14,0.16,0.19,0.24,0.36,0.52,0.64,1.05,1.29
20200505,0.09,0.11,0.13,0.15,0.16,0.19,0.24,0.36,0.53,0.66,1.07,1.32
20200506,0.08,0.1,0.12,0.16,0.16,0.17,0.24,0.37,0.57,0.72,1.16,1.41
20200507,0.1,0.11,0.11,0.14,0.15,0.13,0.19,0.29,0.49,0.63,1.05,1.31
20200508,0.1,0.11,0.12,0.15,0.15,0.16,0.21,0.33,0.53,0.69,1.12,1.39
20200511,0.09,0.11,0.12,0.16,0.16,0.17,0.24,0.36,0.56,0.73,1.16,1.43
20200512,0.1,0.11,0.13,0.16,0.16,0.17,0.22,0.34,0.53,0.69,1.11,1.38
20200513,0.1,0.1,0.13,0.15,0.15,0.16,0.2,0.31,0.5,0.64,1.07,1.35
20200514,0.09,0.1,0.12,0.15,0.15,0.16,0.2,0.31,0.48,0.63,1.03,1.3
20200515,0.09,0.09,0.12,0.15,0.15,0.16,0.19,0.31,0.49,0.64,1.05,1.32
20200518,0.1,0.11,0.13,0.15,0.17,0.18,0.24,0.38,0.57,0.73,1.17,1.44
20200519,0.09,0.11,0.13,0.15,0.16,0.17,0.22,0.35,0.54,0.7,1.15,1.43
20200520,0.08,0.11,0.12,0.14,0.16,0.16,0.21,0.34,0.53,0.68,1.19,1.4
20200521,0.09,0.11,0.12,0.14,0.16,0.17,0.21,0.35,0.53,0.68,1.16,1.4
20200522,0.09,0.11,0.12,0.16,0.17,0.17,0.21,0.34,0.51,0.66,1.12,1.37
20200526,0.1,0.12,0.14,0.17,0.17,0.18,0.22,0.35,0.53,0.69,1.19,1.43
20200527,0.11,0.14,0.15,0.17,0.18,0.19,0.22,0.34,0.52,0.68,1.19,1.44
20200528,0.14,0.15,0.15,0.18,0.17,0.17,0.22,0.34,0.54,0.7,1.23,1.47
20200529,0.13,0.14,0.14,0.18,0.17,0.16,0.19,0.3,0.5,0.65,1.18,1.41
20200601,0.12,0.14,0.14,0.18,0.17,0.14,0.2,0.31,0.5,0.66,1.22,1.46
20200602,0.12,0.13,0.15,0.18,0.17,0.17,0.2,0.32,0.52,0.68,1.24,1.48
20200603,0.12,0.14,0.16,0.19,0.17,0.19,0.26,0.38,0.59,0.77,1.32,1.56
20200604,0.13,0.15,0.15,0.18,0.17,0.19,0.26,0.4,0.63,0.82,1.38,1.61
20200605,0.13,0.14,0.15,0.18,0.18,0.22,0.29,0.47,0.71,0.91,1.46,1.68
20200608,0.15,0.15,0.17,0.19,0.19,0.22,0.29,0.45,0.69,0.88,1.43,1.65
20200609,0.14,0.17,0.19,0.19,0.19,0.2,0.25,0.4,0.65,0.84,1.37,1.59
20200610,0.13,0.16,0.17,0.19,0.18,0.17,0.22,0.33,0.56,0.75,1.31,1.53
20200611,0.14,0.16,0.17,0.18,0.19,0.19,0.22,0.32,0.51,0.66,1.19,1.41
20200612,0.14,0.15,0.16,0.18,0.18,0.19,0.22,0.33,0.54,0.71,1.24,1.45
20200615,0.15,0.16,0.18,0.19,0.17,0.19,0.22,0.33,0.54,0.71,1.24,1.45
20200616,0.14,0.15,0.17,0.19,0.18,0.21,0.23,0.34,0.56,0.75,1.31,1.54
20200617,0.13,0.15,0.17,0.18,0.19,0.19,0.23,0.34,0.55,0.74,1.3,1.52
20200618,0.13,0.14,0.16,0.17,0.19,0.19,0.22,0.34,0.54,0.71,1.24,1.47
20200619,0.13,0.14,0.15,0.17,0.18,0.19,0.22,0.33,0.53,0.7,1.23,1.47
20200622,0.14,0.15,0.16,0.18,0.17,0.19,0.22,0.34,0.54,0.71,1.23,1.46
20200623,0.12,0.14,0.16,0.17,0.18,0.18,0.22,0.33,0.54,0.72,1.25,1.49
20200624,0.11,0.14,0.15,0.17,0.17,0.19,0.21,0.33,0.52,0.69,1.21,1.44
20200625,0.13,0.14,0.16,0.17,0.17,0.17,0.21,0.32,0.53,0.68,1.2,1.43
20200626,0.12,0.15,0.14,0.17,0.17,0.17,0.19,0.3,0.49,0.64,1.15,1.37
20200629,0.11,0.14,0.14,0.18,0.16,0.16,0.18,0.28,0.47,0.64,1.16,1.39
20200630,0.13,0.14,0.16,0.18,0.16,0.16,0.18,0.29,0.49,0.66,1.18,1.41
20200701,0.12,0.12,0.14,0.17,0.16,0.17,0.19,0.31,0.52,0.69,1.2,1.43
20200702,0.13,0.14,0.14,0.16,0.16,0.16,0.19,0.29,0.5,0.68,1.2,1.43
20200706,0.12,0.14,0.15,0.16,0.16,0.16,0.19,0.31,0.51,0.69,1.21,1.45
20200707,0.12,0.14,0.15,0.17,0.15,0.16,0.19,0.29,0.48,0.65,1.15,1.38
20200708,0.11,0.13,0.15,0.17,0.15,0.16,0.19,0.3,0.49,0.67,1.16,1.39
20200709,0.11,0.12,0.13,0.16,0.15,0.16,0.18,0.28,0.46,0.62,1.09,1.32
20200710,0.1,0.12,0.13,0.15,0.15,0.16,0.19,0.3,0.49,0.65,1.12,1.33
20200713,0.11,0.12,0.14,0.15,0.16,0.16,0.19,0.3,0.48,0.64,1.11,1.33
20200714,0.11,0.14,0.15,0.14,0.17,0.14,0.19,0.28,0.47,0.63,1.09,1.3
20200715,0.12,0.13,0.16,0.15,0.15,0.16,0.18,0.28,0.47,0.64,1.11,1.33
20200716,0.12,0.11,0.11,0.13,0.14,0.16,0.17,0.28,0.46,0.62,1.09,1.31
20200717,0.11,0.11,0.11,0.13,0.14,0.14,0.18,0.29,0.47,0.64,1.11,1.33
20200720,0.11,0.12,0.13,0.14,0.14,0.16,0.18,0.29,0.47,0.62,1.1,1.32
20200721,0.09,0.11,0.13,0.13,0.15,0.14,0.17,0.27,0.45,0.61,1.09,1.31
20200722,0.09,0.12,0.13,0.14,0.14,0.14,0.17,0.27,0.45,0.6,1.08,1.29
20200723,0.09,0.11,0.12,0.13,0.14,0.16,0.16,0.27,0.44,0.59,1.03,1.24
20200724,0.1,0.11,0.11,0.14,0.16,0.14,0.17,0.27,0.44,0.59,1.03,1.23
20200727,0.1,0.1,0.11,0.14,0.14,0.15,0.18,0.3,0.46,0.62,1.05,1.25
20200728,0.09,0.11,0.11,0.12,0.14,0.14,0.16,0.26,0.44,0.59,1.01,1.22
20200729,0.09,0.1,0.11,0.12,0.13,0.12,0.15,0.25,0.43,0.58,1.03,1.24
20200730,0.1,0.1,0.09,0.11,0.11,0.11,0.14,0.23,0.4,0.55,0.98,1.2
20200731,0.09,0.09,0.09,0.1,0.11,0.11,0.11,0.21,0.39,0.55,0.98,1.2
20200803,0.09,0.09,0.1,0.11,0.12,0.11,0.13,0.22,0.4,0.56,1.01,1.23
20200804,0.09,0.09,0.09,0.11,0.14,0.11,0.1,0.19,0.36,0.52,0.96,1.19
20200805,0.08,0.09,0.1,0.12,0.12,0.11,0.13,0.22,0.39,0.55,1,1.22
20200806,0.07,0.11,0.1,0.11,0.14,0.11,0.13,0.21,0.39,0.55,0.98,1.2
20200807,0.08,0.09,0.1,0.12,0.14,0.13,0.14,0.23,0.41,0.57,1.01,1.23
20200810,0.09,0.11,0.11,0.13,0.13,0.14,0.15,0.24,0.42,0.59,1.04,1.25
20200811,0.08,0.1,0.11,0.12,0.15,0.16,0.18,0.27,0.46,0.64,1.1,1.32
20200812,0.08,0.1,0.11,0.12,0.13,0.16,0.19,0.3,0.5,0.69,1.15,1.37
20200813,0.08,0.1,0.1,0.12,0.14,0.16,0.19,0.32,0.52,0.71,1.2,1.42
20200814,0.09,0.1,0.1,0.12,0.13,0.14,0.18,0.29,0.51,0.71,1.21,1.45
20200817,0.09,0.1,0.1,0.12,0.13,0.14,0.18,0.29,0.49,0.69,1.19,1.43
20200818,0.08,0.09,0.09,0.13,0.13,0.14,0.17,0.27,0.47,0.67,1.16,1.4
20200819,0.07,0.09,0.11,0.12,0.13,0.14,0.17,0.29,0.48,0.68,1.2,1.42
20200821,0.07,0.09,0.1,0.12,0.13,0.16,0.16,0.27,0.46,0.64,1.13,1.35
20200824,0.09,0.1,0.12,0.12,0.14,0.14,0.18,0.28,0.47,0.65,1.14,1.35
20200825,0.08,0.1,0.11,0.12,0.13,0.15,0.18,0.3,0.49,0.69,1.18,1.39
20200826,0.08,0.1,0.11,0.12,0.12,0.16,0.18,0.28,0.5,0.69,1.2,1.41
20200827,0.09,0.1,0.11,0.11,0.13,0.16,0.19,0.31,0.53,0.74,1.28,1.5
20200828,0.09,0.09,0.1,0.11,0.12,0.14,0.16,0.28,0.51,0.74,1.29,1.52
20200831,0.08,0.1,0.11,0.13,0.12,0.14,0.15,0.28,0.5,0.72,1.26,1.49
20200901,0.09,0.11,0.12,0.13,0.12,0.13,0.14,0.26,0.46,0.68,1.2,1.43
20200902,0.1,0.1,0.12,0.12,0.13,0.14,0.16,0.26,0.45,0.66,1.16,1.38
20200903,0.1,0.11,0.11,0.12,0.12,0.13,0.15,0.24,0.43,0.63,1.13,1.34
20200904,0.09,0.1,0.11,0.12,0.13,0.14,0.18,0.3,0.5,0.72,1.25,1.46
20200908,0.1,0.1,0.13,0.14,0.15,0.14,0.17,0.28,0.47,0.69,1.22,1.43
20200909,0.1,0.11,0.12,0.14,0.14,0.14,0.17,0.28,0.48,0.71,1.25,1.45
20200910,0.1,0.11,0.12,0.12,0.15,0.14,0.17,0.26,0.46,0.68,1.22,1.43
20200911,0.1,0.11,0.11,0.12,0.13,0.13,0.16,0.26,0.45,0.67,1.21,1.42
20200914,0.1,0.11,0.11,0.13,0.14,0.14,0.16,0.27,0.46,0.68,1.21,1.42
20200915,0.09,0.1,0.11,0.12,0.13,0.14,0.16,0.27,0.46,0.68,1.21,1.43
20200916,0.08,0.11,0.12,0.12,0.12,0.14,0.16,0.28,0.47,0.69,1.23,1.45
20200917,0.09,0.09,0.09,0.11,0.12,0.13,0.16,0.28,0.47,0.69,1.22,1.43
20200918,0.09,0.1,0.1,0.12,0.13,0.14,0.16,0.29,0.48,0.7,1.24,1.45
20200921,0.09,0.1,0.1,0.11,0.12,0.14,0.16,0.27,0.46,0.68,1.22,1.43
20200922,0.08,0.09,0.1,0.11,0.12,0.13,0.15,0.27,0.46,0.68,1.21,1.42
20200923,0.08,0.09,0.11,0.11,0.13,0.14,0.15,0.28,0.46,0.68,1.21,1.42
20200924,0.08,0.09,0.1,0.11,0.12,0.14,0.16,0.27,0.46,0.67,1.19,1.4
20200925,0.08,0.09,0.1,0.11,0.12,0.12,0.15,0.26,0.45,0.66,1.19,1.4
20200928,0.09,0.1,0.11,0.11,0.12,0.14,0.16,0.26,0.46,0.67,1.2,1.42
20200929,0.07,0.08,0.09,0.11,0.12,0.11,0.13,0.24,0.44,0.66,1.19,1.41
20200930,0.08,0.08,0.1,0.11,0.12,0.13,0.16,0.28,0.47,0.69,1.23,1.46
20201001,0.09,0.09,0.09,0.1,0.12,0.14,0.16,0.27,0.46,0.68,1.23,1.45
20201002,0.1,0.09,0.09,0.11,0.12,0.13,0.16,0.28,0.48,0.7,1.25,1.48
20201005,0.09,0.1,0.1,0.11,0.12,0.14,0.19,0.33,0.55,0.78,1.34,1.57
20201006,0.08,0.09,0.1,0.11,0.14,0.14,0.17,0.32,0.53,0.76,1.33,1.56
20201007,0.08,0.09,0.1,0.12,0.13,0.16,0.21,0.35,0.56,0.81,1.37,1.6
20201008,0.09,0.09,0.09,0.12,0.13,0.13,0.18,0.33,0.54,0.78,1.34,1.57
20201009,0.1,0.11,0.1,0.12,0.15,0.16,0.2,0.34,0.55,0.79,1.34,1.58
20201013,0.09,0.09,0.11,0.12,0.13,0.16,0.18,0.31,0.52,0.74,1.29,1.52
20201014,0.1,0.1,0.12,0.12,0.13,0.14,0.18,0.3,0.51,0.73,1.28,1.5
20201015,0.1,0.1,0.11,0.12,0.12,0.14,0.18,0.32,0.52,0.74,1.29,1.52
20201016,0.09,0.1,0.11,0.12,0.12,0.14,0.18,0.32,0.53,0.76,1.3,1.52
20201019,0.09,0.1,0.11,0.11,0.13,0.16,0.19,0.34,0.54,0.78,1.32,1.55
20201020,0.08,0.09,0.1,0.12,0.13,0.14,0.19,0.34,0.57,0.81,1.37,1.6
20201021,0.08,0.09,0.1,0.12,0.13,0.14,0.2,0.36,0.58,0.83,1.4,1.62
20201022,0.09,0.09,0.09,0.11,0.13,0.16,0.21,0.38,0.62,0.87,1.43,1.67
20201023,0.08,0.09,0.1,0.11,0.12,0.18,0.21,0.37,0.61,0.85,1.41,1.64
20201026,0.08,0.09,0.11,0.12,0.12,0.16,0.18,0.35,0.58,0.81,1.37,1.59
20201027,0.08,0.09,0.1,0.11,0.12,0.16,0.19,0.34,0.56,0.79,1.34,1.57
20201028,0.07,0.09,0.1,0.11,0.12,0.16,0.19,0.34,0.56,0.79,1.34,1.56
20201029,0.08,0.1,0.09,0.1,0.12,0.16,0.2,0.38,0.61,0.85,1.39,1.62
20201030,0.08,0.09,0.09,0.11,0.13,0.14,0.19,0.38,0.64,0.88,1.43,1.65
20201102,0.09,0.09,0.09,0.11,0.13,0.16,0.2,0.38,0.63,0.87,1.41,1.63
20201103,0.09,0.1,0.1,0.12,0.14,0.17,0.21,0.39,0.65,0.9,1.44,1.66
20201104,0.08,0.09,0.1,0.1,0.12,0.14,0.18,0.33,0.55,0.78,1.33,1.55
20201105,0.09,0.1,0.1,0.1,0.12,0.14,0.18,0.33,0.56,0.79,1.32,1.54
20201106,0.1,0.1,0.1,0.11,0.12,0.16,0.21,0.36,0.59,0.83,1.37,1.6
20201109,0.1,0.1,0.11,0.11,0.12,0.17,0.25,0.44,0.7,0.96,1.51,1.73
20201110,0.09,0.09,0.1,0.11,0.12,0.19,0.26,0.46,0.72,0.98,1.53,1.75
20201112,0.1,0.11,0.1,0.1,0.13,0.17,0.23,0.4,0.64,0.88,1.42,1.64
20201113,0.1,0.09,0.09,0.1,0.12,0.17,0.23,0.41,0.65,0.89,1.43,1.65
20201116,0.09,0.1,0.09,0.12,0.12,0.19,0.24,0.41,0.66,0.91,1.44,1.66
20201117,0.08,0.08,0.09,0.1,0.12,0.18,0.22,0.39,0.63,0.87,1.4,1.62
20201118,0.07,0.09,0.09,0.1,0.11,0.16,0.22,0.4,0.64,0.88,1.42,1.62
20201119,0.08,0.08,0.07,0.1,0.11,0.18,0.22,0.39,0.63,0.86,1.38,1.58
20201120,0.09,0.09,0.07,0.1,0.11,0.16,0.21,0.38,0.62,0.83,1.33,1.53
20201123,0.08,0.08,0.08,0.08,0.1,0.16,0.22,0.39,0.64,0.86,1.36,1.56
20201124,0.08,0.08,0.09,0.1,0.11,0.16,0.22,0.39,0.65,0.88,1.4,1.6
20201125,0.07,0.07,0.09,0.09,0.11,0.17,0.21,0.39,0.65,0.88,1.41,1.62
20201127,0.09,0.09,0.09,0.1,0.11,0.16,0.2,0.37,0.61,0.84,1.36,1.57
20201130,0.08,0.08,0.08,0.09,0.11,0.16,0.19,0.36,0.62,0.84,1.37,1.58
20201201,0.07,0.07,0.09,0.1,0.12,0.17,0.22,0.42,0.68,0.92,1.46,1.66
20201202,0.07,0.08,0.09,0.1,0.11,0.16,0.22,0.42,0.69,0.95,1.5,1.7
20201203,0.08,0.08,0.08,0.09,0.1,0.16,0.21,0.4,0.67,0.92,1.46,1.67
20201204,0.07,0.07,0.09,0.1,0.11,0.16,0.21,0.42,0.7,0.97,1.53,1.73
20201207,0.09,0.08,0.08,0.1,0.1,0.14,0.2,0.4,0.67,0.94,1.49,1.69
20201208,0.08,0.08,0.09,0.09,0.1,0.14,0.2,0.39,0.65,0.92,1.46,1.67
20201209,0.07,0.07,0.08,0.09,0.1,0.16,0.21,0.41,0.68,0.95,1.48,1.69
20201210,0.07,0.08,0.08,0.09,0.1,0.14,0.2,0.39,0.65,0.92,1.44,1.65
20201211,0.08,0.08,0.08,0.08,0.1,0.11,0.18,0.37,0.63,0.9,1.42,1.63
20201214,0.07,0.08,0.09,0.08,0.1,0.13,0.17,0.37,0.63,0.9,1.43,1.63
20201215,0.07,0.08,0.08,0.08,0.09,0.11,0.18,0.37,0.64,0.92,1.45,1.65
20201216,0.08,0.08,0.09,0.09,0.09,0.13,0.18,0.37,0.64,0.92,1.46,1.66
20201217,0.08,0.09,0.08,0.09,0.09,0.13,0.19,0.38,0.66,0.94,1.47,1.68
20201218,0.08,0.08,0.08,0.09,0.09,0.13,0.19,0.39,0.67,0.95,1.49,1.7
20201221,0.08,0.09,0.09,0.09,0.09,0.13,0.18,0.39,0.66,0.95,1.48,1.68
20201222,0.07,0.09,0.09,0.09,0.09,0.13,0.17,0.37,0.64,0.93,1.45,1.65
20201223,0.07,0.08,0.09,0.09,0.09,0.13,0.18,0.38,0.67,0.96,1.49,1.7
20201224,0.09,0.09,0.09,0.09,0.1,0.13,0.17,0.37,0.66,0.94,1.46,1.66
20201228,0.09,0.1,0.11,0.11,0.11,0.13,0.17,0.38,0.65,0.94,1.46,1.67
20201229,0.08,0.09,0.1,0.12,0.11,0.12,0.17,0.37,0.66,0.94,1.47,1.67
20201230,0.06,0.06,0.08,0.09,0.12,0.12,0.17,0.37,0.66,0.93,1.46,1.66
20201231,0.08,0.08,0.09,0.09,0.1,0.13,0.17,0.36,0.65,0.93,1.45,1.65
20210104,0.09,0.09,0.09,0.09,0.1,0.11,0.16,0.36,0.64,0.93,1.46,1.66
20210105,0.08,0.09,0.09,0.09,0.1,0.13,0.17,0.38,0.66,0.96,1.49,1.7
20210106,0.09,0.09,0.09,0.09,0.11,0.14,0.2,0.43,0.74,1.04,1.6,1.81
20210107,0.09,0.09,0.09,0.09,0.11,0.14,0.22,0.46,0.78,1.08,1.64,1.85
20210108,0.08,0.08,0.08,0.09,0.1,0.14,0.24,0.49,0.81,1.13,1.67,1.87
20210111,0.09,0.08,0.08,0.1,0.1,0.14,0.22,0.5,0.84,1.15,1.68,1.88
20210112,0.09,0.08,0.09,0.09,0.11,0.14,0.23,0.5,0.83,1.15,1.68,1.88
20210113,0.09,0.08,0.09,0.1,0.12,0.14,0.22,0.48,0.8,1.1,1.63,1.82
20210114,0.09,0.09,0.09,0.09,0.1,0.16,0.23,0.49,0.82,1.15,1.69,1.88
20210115,0.08,0.09,0.09,0.1,0.1,0.13,0.2,0.46,0.78,1.11,1.66,1.85
20210119,0.07,0.09,0.09,0.11,0.1,0.14,0.21,0.45,0.78,1.1,1.65,1.84
20210120,0.08,0.08,0.08,0.1,0.1,0.13,0.19,0.45,0.78,1.1,1.65,1.84
20210121,0.07,0.09,0.09,0.09,0.1,0.13,0.19,0.45,0.79,1.12,1.68,1.87
20210122,0.07,0.08,0.08,0.1,0.1,0.13,0.19,0.44,0.77,1.1,1.66,1.85
20210125,0.07,0.08,0.09,0.09,0.1,0.13,0.17,0.42,0.73,1.05,1.61,1.8
20210126,0.05,0.07,0.07,0.09,0.09,0.11,0.18,0.42,0.74,1.05,1.61,1.8
20210127,0.05,0.06,0.08,0.09,0.09,0.12,0.18,0.41,0.72,1.04,1.6,1.79
20210128,0.05,0.06,0.07,0.08,0.08,0.12,0.18,0.42,0.75,1.07,1.63,1.81
20210129,0.07,0.07,0.06,0.07,0.1,0.11,0.19,0.45,0.79,1.11,1.68,1.87
20210201,0.06,0.07,0.07,0.08,0.08,0.11,0.17,0.42,0.76,1.09,1.66,1.84
20210202,0.04,0.05,0.07,0.08,0.08,0.11,0.18,0.45,0.79,1.12,1.69,1.87
20210203,0.03,0.04,0.04,0.06,0.08,0.11,0.19,0.46,0.81,1.15,1.73,1.92
20210204,0.03,0.04,0.04,0.06,0.07,0.11,0.18,0.46,0.81,1.15,1.75,1.93
20210205,0.02,0.03,0.03,0.05,0.06,0.09,0.19,0.47,0.83,1.19,1.79,1.97
20210208,0.04,0.03,0.05,0.05,0.07,0.11,0.2,0.48,0.83,1.19,1.78,1.96
20210209,0.04,0.04,0.04,0.06,0.07,0.11,0.19,0.48,0.83,1.18,1.78,1.95
20210210,0.05,0.04,0.05,0.06,0.07,0.11,0.19,0.46,0.8,1.15,1.75,1.92
20210211,0.05,0.05,0.05,0.06,0.07,0.11,0.19,0.46,0.81,1.16,1.77,1.94
20210212,0.03,0.04,0.04,0.05,0.06,0.11,0.2,0.5,0.85,1.2,1.83,2.01
20210216,0.03,0.04,0.04,0.06,0.08,0.13,0.23,0.57,0.94,1.3,1.92,2.08
20210217,0.03,0.04,0.04,0.06,0.07,0.11,0.21,0.57,0.94,1.29,1.92,2.06
20210218,0.03,0.03,0.03,0.04,0.06,0.11,0.21,0.56,0.94,1.29,1.91,2.08
20210219,0.03,0.03,0.04,0.06,0.07,0.11,0.22,0.59,0.98,1.34,1.98,2.14
20210222,0.03,0.02,0.03,0.04,0.06,0.11,0.22,0.61,1,1.37,2.02,2.19
20210223,0.03,0.02,0.04,0.05,0.08,0.11,0.22,0.59,1,1.37,2.03,2.21
20210224,0.03,0.03,0.03,0.05,0.08,0.12,0.24,0.62,1.02,1.38,2.07,2.24
20210225,0.04,0.03,0.04,0.06,0.09,0.17,0.34,0.81,1.23,1.54,2.25,2.33
20210226,0.04,0.04,0.04,0.05,0.08,0.14,0.3,0.75,1.15,1.44,2.08,2.17
20210301,0.03,0.03,0.05,0.07,0.08,0.13,0.27,0.71,1.12,1.45,2.11,2.23
20210302,0.04,0.04,0.04,0.06,0.08,0.13,0.26,0.67,1.08,1.42,2.09,2.21
20210303,0.04,0.04,0.05,0.07,0.08,0.14,0.29,0.73,1.14,1.47,2.12,2.25
20210304,0.03,0.05,0.04,0.07,0.08,0.14,0.32,0.77,1.21,1.54,2.18,2.3
20210305,0.04,0.04,0.04,0.07,0.08,0.14,0.32,0.79,1.23,1.56,2.18,2.28
20210308,0.04,0.04,0.05,0.06,0.09,0.17,0.34,0.86,1.28,1.59,2.2,2.31
20210309,0.04,0.04,0.05,0.07,0.1,0.17,0.35,0.83,1.23,1.55,2.16,2.26
20210310,0.03,0.03,0.04,0.06,0.08,0.16,0.32,0.8,1.2,1.53,2.15,2.24
20210311,0.04,0.04,0.04,0.05,0.08,0.14,0.31,0.78,1.2,1.54,2.18,2.29
20210312,0.03,0.03,0.04,0.06,0.09,0.14,0.34,0.85,1.3,1.64,2.31,2.4
20210315,0.02,0.02,0.04,0.06,0.08,0.14,0.33,0.84,1.28,1.62,2.27,2.37
20210316,0.01,0.02,0.02,0.06,0.07,0.15,0.33,0.83,1.28,1.62,2.3,2.38
20210317,0.01,0.02,0.02,0.05,0.07,0.13,0.29,0.8,1.27,1.63,2.32,2.42
20210318,0.01,0.01,0.01,0.03,0.08,0.16,0.33,0.86,1.35,1.71,2.36,2.45
20210319,0.01,0.01,0.01,0.03,0.07,0.16,0.33,0.9,1.38,1.74,2.36,2.45
20210322,0.02,0.02,0.03,0.05,0.06,0.15,0.32,0.87,1.34,1.69,2.29,2.38
20210323,0.02,0.02,0.01,0.04,0.08,0.15,0.31,0.83,1.29,1.63,2.24,2.34
20210324,0.02,0.02,0.02,0.04,0.07,0.14,0.31,0.83,1.27,1.62,2.21,2.31
20210325,0.02,0.03,0.02,0.04,0.07,0.14,0.3,0.82,1.29,1.63,2.24,2.34
20210326,0.02,0.02,0.02,0.04,0.06,0.14,0.31,0.85,1.32,1.67,2.27,2.37
20210329,0.02,0.03,0.03,0.04,0.06,0.14,0.32,0.89,1.37,1.73,2.32,2.43
20210330,0.01,0.01,0.02,0.04,0.06,0.16,0.33,0.9,1.39,1.73,2.29,2.38
20210331,0.01,0.01,0.03,0.05,0.07,0.16,0.35,0.92,1.4,1.74,2.31,2.41
20210401,0.02,0.02,0.02,0.04,0.06,0.17,0.35,0.9,1.37,1.69,2.24,2.34
20210402,0.02,0.02,0.02,0.04,0.07,0.19,0.39,0.97,1.42,1.72,2.27,2.35
20210405,0.03,0.02,0.03,0.04,0.06,0.17,0.37,0.94,1.4,1.73,2.28,2.36
20210406,0.02,0.02,0.02,0.04,0.06,0.16,0.35,0.88,1.34,1.67,2.24,2.32
20210407,0.01,0.02,0.02,0.04,0.06,0.16,0.34,0.87,1.34,1.68,2.26,2.35
20210408,0.02,0.02,0.01,0.04,0.05,0.14,0.33,0.85,1.3,1.64,2.22,2.32
20210409,0.02,0.01,0.02,0.03,0.06,0.16,0.35,0.87,1.33,1.67,2.23,2.34
20210412,0.02,0.02,0.02,0.04,0.06,0.18,0.38,0.89,1.35,1.69,2.24,2.34
20210413,0.03,0.02,0.03,0.05,0.06,0.16,0.35,0.85,1.29,1.64,2.21,2.32
20210414,0.02,0.02,0.02,0.04,0.06,0.16,0.35,0.87,1.31,1.64,2.22,2.32
20210415,0.02,0.01,0.02,0.04,0.06,0.16,0.32,0.81,1.24,1.56,2.13,2.23
20210416,0.02,0.02,0.02,0.04,0.06,0.16,0.34,0.84,1.26,1.59,2.15,2.26
20210419,0.01,0.02,0.02,0.04,0.08,0.16,0.34,0.85,1.28,1.61,2.18,2.29
20210420,0.01,0.02,0.03,0.04,0.07,0.15,0.31,0.81,1.25,1.58,2.16,2.27
20210421,0,0.02,0.03,0.04,0.07,0.15,0.32,0.81,1.24,1.57,2.16,2.26
20210422,0.02,0.02,0.03,0.04,0.06,0.16,0.32,0.81,1.24,1.57,2.13,2.24
20210423,0.01,0.02,0.03,0.03,0.07,0.16,0.34,0.83,1.26,1.58,2.14,2.25
20210426,0.02,0.02,0.03,0.04,0.06,0.18,0.35,0.85,1.27,1.58,2.13,2.24
20210427,0.01,0.02,0.01,0.04,0.06,0.17,0.36,0.88,1.32,1.63,2.18,2.29
20210428,0.01,0.01,0.01,0.04,0.05,0.17,0.35,0.86,1.31,1.63,2.19,2.29
20210429,0.01,0.01,0.01,0.04,0.05,0.16,0.35,0.86,1.32,1.65,2.2,2.31
20210430,0.01,0.02,0.01,0.03,0.05,0.16,0.35,0.86,1.32,1.65,2.19,2.3
20210503,0.02,0.02,0.04,0.04,0.06,0.16,0.33,0.84,1.29,1.63,2.18,2.3
20210504,0.01,0.01,0.02,0.04,0.06,0.16,0.33,0.82,1.28,1.61,2.16,2.27
20210505,0.01,0.01,0.02,0.04,0.06,0.16,0.32,0.8,1.25,1.59,2.14,2.25
20210506,0.01,0.02,0.02,0.04,0.05,0.16,0.32,0.81,1.25,1.58,2.14,2.24
20210507,0.01,0.01,0.02,0.04,0.05,0.14,0.29,0.77,1.24,1.6,2.17,2.28
20210510,0.02,0.01,0.02,0.04,0.05,0.16,0.32,0.8,1.27,1.63,2.2,2.32
20210511,0.01,0.01,0.01,0.04,0.05,0.16,0.31,0.8,1.28,1.64,2.23,2.35
20210512,0.01,0.02,0.02,0.04,0.05,0.16,0.35,0.87,1.34,1.69,2.29,2.4
20210513,0,0.01,0.02,0.03,0.05,0.16,0.33,0.84,1.31,1.66,2.28,2.39
20210514,0.01,0.01,0.01,0.03,0.06,0.16,0.33,0.82,1.29,1.63,2.25,2.35
20210517,0,0.01,0.02,0.04,0.06,0.16,0.34,0.84,1.3,1.64,2.27,2.36
20210518,0,0.01,0.02,0.03,0.06,0.16,0.34,0.83,1.29,1.64,2.27,2.37
20210519,0,0.01,0.01,0.03,0.05,0.16,0.35,0.87,1.34,1.68,2.3,2.38
20210520,0.01,0.01,0.01,0.03,0.05,0.15,0.34,0.83,1.29,1.63,2.25,2.34
20210521,0,0.01,0.01,0.02,0.04,0.17,0.34,0.84,1.29,1.63,2.24,2.33
20210524,0.01,0.01,0.02,0.03,0.04,0.15,0.32,0.82,1.28,1.61,2.22,2.31
20210525,0.01,0.01,0.02,0.04,0.04,0.15,0.3,0.79,1.23,1.56,2.16,2.26
20210526,0,0,0.02,0.04,0.04,0.14,0.31,0.8,1.24,1.58,2.17,2.27
20210527,0,0.01,0.02,0.04,0.04,0.14,0.31,0.81,1.28,1.61,2.2,2.29
20210528,0.01,0.01,0.01,0.03,0.05,0.14,0.3,0.79,1.24,1.58,2.18,2.26
20210601,0.01,0.01,0.02,0.04,0.04,0.16,0.31,0.81,1.28,1.62,2.22,2.3
20210602,0.01,0.01,0.02,0.04,0.05,0.13,0.3,0.8,1.26,1.59,2.21,2.28
20210603,0,0.01,0.02,0.04,0.04,0.16,0.34,0.84,1.3,1.63,2.22,2.3
20210604,0.01,0.02,0.02,0.04,0.05,0.14,0.32,0.78,1.23,1.56,2.16,2.24
20210607,0.01,0.02,0.02,0.04,0.05,0.16,0.33,0.79,1.24,1.57,2.17,2.25
20210608,0.01,0.02,0.02,0.04,0.05,0.14,0.32,0.77,1.2,1.53,2.13,2.21
20210609,0.01,0.02,0.03,0.04,0.05,0.16,0.31,0.75,1.17,1.5,2.1,2.17
20210610,0.01,0.02,0.03,0.04,0.05,0.14,0.3,0.73,1.14,1.45,2.07,2.15
20210611,0.01,0.02,0.03,0.04,0.05,0.16,0.31,0.76,1.16,1.47,2.08,2.15
20210614,0.01,0.02,0.03,0.05,0.05,0.16,0.33,0.8,1.2,1.51,2.12,2.19
20210615,0.02,0.02,0.03,0.05,0.08,0.16,0.34,0.79,1.21,1.51,2.12,2.2
20210616,0.04,0.04,0.04,0.06,0.08,0.21,0.41,0.89,1.29,1.57,2.13,2.2
20210617,0.05,0.04,0.04,0.06,0.08,0.23,0.43,0.9,1.27,1.52,2.05,2.11
20210618,0.05,0.05,0.05,0.06,0.09,0.26,0.47,0.89,1.22,1.45,1.97,2.01
20210621,0.04,0.04,0.05,0.06,0.09,0.27,0.48,0.9,1.25,1.5,2.05,2.11
20210622,0.04,0.05,0.04,0.06,0.09,0.25,0.44,0.87,1.23,1.48,2.03,2.1
20210623,0.04,0.04,0.05,0.05,0.08,0.26,0.47,0.9,1.25,1.5,2.04,2.11
20210624,0.05,0.05,0.05,0.05,0.08,0.26,0.48,0.9,1.26,1.49,2.03,2.1
20210625,0.05,0.05,0.06,0.06,0.09,0.28,0.48,0.92,1.29,1.54,2.09,2.16
20210629,0.04,0.04,0.04,0.06,0.08,0.27,0.47,0.89,1.24,1.49,2.03,2.1
20210630,0.05,0.05,0.05,0.06,0.07,0.25,0.46,0.87,1.21,1.45,2,2.06
20210701,0.05,0.05,0.05,0.05,0.09,0.25,0.47,0.89,1.24,1.48,2.01,2.07
20210702,0.05,0.05,0.05,0.05,0.08,0.24,0.45,0.86,1.19,1.44,1.98,2.05
20210706,0.05,0.05,0.05,0.06,0.07,0.22,0.42,0.81,1.13,1.37,1.92,2
20210707,0.05,0.05,0.05,0.05,0.08,0.22,0.41,0.79,1.09,1.33,1.87,1.94
20210708,0.06,0.05,0.06,0.06,0.07,0.19,0.37,0.74,1.06,1.3,1.84,1.91
20210709,0.06,0.05,0.06,0.05,0.08,0.23,0.41,0.79,1.12,1.37,1.91,1.99
20210712,0.05,0.05,0.05,0.06,0.08,0.23,0.43,0.81,1.13,1.38,1.93,2
20210713,0.05,0.05,0.05,0.06,0.08,0.26,0.47,0.85,1.16,1.42,1.96,2.04
20210714,0.06,0.05,0.06,0.05,0.08,0.23,0.44,0.8,1.11,1.37,1.91,1.98
20210715,0.05,0.05,0.05,0.05,0.07,0.23,0.43,0.78,1.07,1.31,1.85,1.92
20210716,0.05,0.05,0.05,0.05,0.08,0.25,0.43,0.79,1.08,1.31,1.86,1.93
20210719,0.05,0.05,0.05,0.06,0.07,0.21,0.38,0.7,0.97,1.19,1.74,1.81
20210720,0.05,0.05,0.05,0.06,0.08,0.2,0.37,0.69,0.98,1.23,1.79,1.88
20210721,0.04,0.04,0.05,0.05,0.07,0.22,0.39,0.74,1.05,1.3,1.87,1.94
20210722,0.04,0.04,0.05,0.05,0.07,0.2,0.37,0.71,1.02,1.27,1.82,1.9
20210723,0.05,0.05,0.05,0.05,0.07,0.22,0.38,0.72,1.04,1.3,1.85,1.92
20210726,0.05,0.05,0.05,0.06,0.08,0.22,0.38,0.73,1.04,1.29,1.85,1.93
20210727,0.04,0.05,0.05,0.05,0.07,0.2,0.37,0.71,1.01,1.25,1.81,1.89
20210728,0.04,0.05,0.05,0.05,0.07,0.2,0.38,0.72,1.01,1.26,1.83,1.9
20210729,0.05,0.05,0.06,0.05,0.08,0.2,0.37,0.73,1.04,1.28,1.84,1.91
20210730,0.05,0.05,0.06,0.05,0.07,0.19,0.35,0.69,1,1.24,1.81,1.89
20210802,0.05,0.05,0.05,0.06,0.07,0.17,0.33,0.66,0.96,1.2,1.77,1.86
20210803,0.05,0.05,0.05,0.06,0.07,0.17,0.33,0.65,0.95,1.19,1.76,1.85
20210804,0.05,0.05,0.05,0.05,0.07,0.17,0.34,0.67,0.96,1.19,1.74,1.83
20210805,0.05,0.05,0.05,0.06,0.08,0.21,0.38,0.72,1.01,1.23,1.77,1.86
20210806,0.04,0.05,0.06,0.06,0.09,0.21,0.42,0.77,1.07,1.31,1.85,1.94
20210809,0.04,0.05,0.06,0.06,0.08,0.23,0.43,0.79,1.09,1.33,1.87,1.96
20210810,0.05,0.05,0.05,0.05,0.08,0.24,0.47,0.82,1.12,1.36,1.9,1.99
20210811,0.05,0.05,0.05,0.06,0.08,0.23,0.45,0.81,1.11,1.35,1.9,1.99
20210812,0.05,0.06,0.06,0.06,0.09,0.23,0.46,0.83,1.13,1.36,1.92,2.03
20210813,0.04,0.05,0.06,0.05,0.08,0.23,0.44,0.79,1.08,1.29,1.85,1.94
20210816,0.04,0.05,0.06,0.05,0.08,0.21,0.42,0.75,1.04,1.26,1.82,1.92
20210817,0.03,0.05,0.07,0.06,0.07,0.23,0.43,0.77,1.05,1.26,1.82,1.92
20210818,0.03,0.05,0.07,0.05,0.07,0.23,0.43,0.79,1.06,1.27,1.84,1.91
20210819,0.04,0.05,0.06,0.05,0.06,0.22,0.44,0.78,1.04,1.24,1.8,1.88
20210820,0.04,0.05,0.05,0.05,0.06,0.23,0.44,0.8,1.06,1.26,1.79,1.87
20210823,0.04,0.05,0.05,0.06,0.07,0.23,0.43,0.78,1.05,1.25,1.79,1.87
20210824,0.03,0.05,0.05,0.05,0.06,0.24,0.44,0.8,1.08,1.29,1.83,1.91
20210825,0.04,0.05,0.06,0.06,0.07,0.23,0.47,0.84,1.13,1.35,1.88,1.96
20210826,0.04,0.06,0.05,0.06,0.07,0.25,0.46,0.84,1.13,1.34,1.87,1.94
20210827,0.04,0.06,0.05,0.05,0.07,0.22,0.41,0.79,1.09,1.31,1.84,1.91
20210830,0.04,0.07,0.05,0.05,0.08,0.2,0.4,0.77,1.07,1.29,1.82,1.9
20210831,0.03,0.05,0.04,0.06,0.07,0.2,0.4,0.77,1.08,1.3,1.85,1.92
20210901,0.04,0.06,0.05,0.06,0.07,0.2,0.42,0.78,1.08,1.31,1.84,1.92
20210902,0.05,0.07,0.05,0.06,0.07,0.2,0.42,0.78,1.07,1.29,1.83,1.9
20210903,0.04,0.07,0.05,0.05,0.08,0.21,0.42,0.78,1.09,1.33,1.87,1.94
20210907,0.04,0.07,0.05,0.06,0.08,0.22,0.45,0.82,1.14,1.38,1.91,1.99
20210908,0.05,0.06,0.05,0.06,0.08,0.22,0.43,0.81,1.11,1.35,1.88,1.95
20210909,0.07,0.06,0.04,0.05,0.07,0.23,0.43,0.79,1.08,1.3,1.83,1.9
20210910,0.06,0.06,0.05,0.06,0.08,0.23,0.45,0.82,1.12,1.35,1.86,1.94
20210913,0.06,0.08,0.06,0.06,0.07,0.21,0.44,0.81,1.11,1.33,1.83,1.91
20210914,0.05,0.06,0.04,0.05,0.07,0.21,0.43,0.79,1.07,1.28,1.78,1.85
20210915,0.04,0.06,0.04,0.05,0.07,0.21,0.43,0.81,1.1,1.31,1.8,1.87
20210916,0.06,0.06,0.04,0.05,0.07,0.23,0.46,0.84,1.13,1.34,1.83,1.88
20210917,0.06,0.06,0.04,0.05,0.07,0.23,0.47,0.88,1.17,1.37,1.85,1.91
20210920,0.06,0.05,0.04,0.05,0.07,0.23,0.45,0.83,1.12,1.31,1.79,1.85
20210921,0.05,0.04,0.03,0.04,0.07,0.22,0.46,0.84,1.13,1.33,1.81,1.86
20210922,0.04,0.04,0.03,0.05,0.08,0.25,0.48,0.86,1.13,1.32,1.78,1.84
20210923,0.05,0.04,0.03,0.04,0.08,0.27,0.53,0.94,1.22,1.41,1.87,1.92
20210924,0.06,0.04,0.03,0.05,0.08,0.29,0.55,0.97,1.27,1.47,1.94,1.99
20210927,0.06,0.03,0.04,0.05,0.09,0.31,0.56,0.98,1.3,1.48,1.95,1.99
20210928,0.07,0.04,0.04,0.06,0.09,0.31,0.55,1.02,1.34,1.54,2.02,2.07
20210929,0.05,0.04,0.04,0.05,0.09,0.3,0.55,1.01,1.34,1.55,2.04,2.09
20210930,0.07,0.05,0.04,0.05,0.09,0.28,0.53,0.98,1.32,1.52,2.02,2.08
20211001,0.08,0.04,0.04,0.05,0.09,0.27,0.49,0.93,1.26,1.48,1.99,2.04
20211004,0.09,0.04,0.04,0.06,0.09,0.27,0.52,0.95,1.27,1.49,1.99,2.05
20211005,0.1,0.04,0.04,0.06,0.09,0.28,0.54,0.98,1.32,1.54,2.04,2.1
20211006,0.06,0.04,0.04,0.06,0.1,0.3,0.55,0.99,1.32,1.53,2.02,2.08
20211007,0.03,0.09,0.05,0.06,0.1,0.32,0.57,1.02,1.36,1.58,2.08,2.13
20211008,0.02,0.07,0.05,0.07,0.09,0.32,0.59,1.05,1.39,1.61,2.11,2.16
20211012,0.03,0.07,0.06,0.06,0.1,0.35,0.64,1.08,1.39,1.59,2.05,2.1
20211013,0.03,0.06,0.05,0.06,0.11,0.37,0.66,1.09,1.38,1.56,2,2.05
20211014,0.05,0.08,0.05,0.06,0.1,0.36,0.62,1.05,1.34,1.52,1.97,2.02
20211015,0.04,0.08,0.05,0.06,0.12,0.41,0.7,1.13,1.42,1.59,2.02,2.05
20211018,0.05,0.09,0.06,0.06,0.11,0.44,0.72,1.16,1.43,1.59,1.99,2.01
20211019,0.06,0.09,0.05,0.06,0.11,0.41,0.71,1.17,1.47,1.65,2.07,2.09
20211020,0.06,0.07,0.05,0.06,0.1,0.4,0.7,1.16,1.46,1.65,2.09,2.12
20211021,0.06,0.08,0.06,0.06,0.12,0.45,0.78,1.23,1.52,1.68,2.1,2.13
20211022,0.05,0.09,0.06,0.07,0.13,0.48,0.79,1.22,1.49,1.66,2.06,2.08
20211025,0.07,0.1,0.06,0.06,0.14,0.47,0.76,1.19,1.47,1.64,2.07,2.09
20211026,0.06,0.08,0.06,0.06,0.14,0.47,0.77,1.2,1.46,1.63,2.03,2.05
20211027,0.06,0.07,0.06,0.07,0.12,0.5,0.77,1.16,1.41,1.54,1.93,1.95
20211028,0.06,0.1,0.06,0.06,0.15,0.5,0.77,1.18,1.44,1.57,1.98,1.96
20211029,0.06,0.08,0.05,0.07,0.15,0.48,0.75,1.18,1.44,1.55,1.98,1.93
20211101,0.05,0.09,0.05,0.06,0.15,0.5,0.79,1.2,1.46,1.58,2.01,1.98
20211102,0.05,0.06,0.05,0.07,0.15,0.46,0.73,1.15,1.42,1.56,1.97,1.96
20211103,0.05,0.07,0.05,0.07,0.17,0.47,0.77,1.19,1.46,1.6,2.01,2
20211104,0.05,0.05,0.04,0.07,0.14,0.41,0.69,1.1,1.37,1.53,1.96,1.96
20211105,0.05,0.06,0.05,0.07,0.14,0.39,0.66,1.04,1.3,1.45,1.88,1.87
20211108,0.04,0.06,0.06,0.07,0.16,0.45,0.75,1.13,1.38,1.51,1.91,1.89
20211109,0.04,0.05,0.04,0.06,0.14,0.41,0.71,1.08,1.32,1.46,1.86,1.83
20211110,0.06,0.06,0.05,0.07,0.17,0.51,0.83,1.23,1.45,1.56,1.96,1.92
20211112,0.05,0.05,0.05,0.07,0.17,0.53,0.85,1.24,1.47,1.58,1.99,1.95
20211115,0.06,0.06,0.05,0.06,0.18,0.53,0.87,1.26,1.51,1.63,2.05,2.01
20211116,0.06,0.06,0.05,0.07,0.17,0.54,0.87,1.27,1.52,1.63,2.06,2.02
20211117,0.06,0.05,0.05,0.06,0.18,0.52,0.85,1.24,1.49,1.6,2.04,2
20211118,0.12,0.05,0.05,0.06,0.18,0.52,0.84,1.22,1.47,1.59,2.01,1.97
20211119,0.11,0.04,0.05,0.06,0.18,0.52,0.86,1.22,1.45,1.54,1.95,1.91
20211122,0.07,0.03,0.05,0.07,0.2,0.63,0.95,1.33,1.55,1.63,2.03,1.98
20211123,0.06,0.04,0.06,0.07,0.21,0.6,0.95,1.33,1.58,1.67,2.08,2.02
20211124,0.14,0.05,0.06,0.1,0.24,0.64,0.97,1.34,1.58,1.64,2.03,1.96
20211126,0.11,0.04,0.06,0.1,0.2,0.5,0.81,1.16,1.4,1.48,1.89,1.83
20211129,0.07,0.04,0.06,0.1,0.21,0.51,0.83,1.18,1.42,1.52,1.93,1.87
20211130,0.11,0.05,0.05,0.1,0.24,0.52,0.81,1.14,1.36,1.43,1.85,1.78
20211201,0.09,0.04,0.06,0.1,0.25,0.56,0.85,1.15,1.35,1.43,1.84,1.77
20211202,0.05,0.05,0.05,0.09,0.27,0.63,0.9,1.21,1.38,1.44,1.87,1.76
20211203,0.04,0.05,0.06,0.09,0.26,0.6,0.86,1.13,1.29,1.35,1.77,1.69
20211206,0.05,0.05,0.05,0.12,0.28,0.65,0.91,1.21,1.38,1.43,1.84,1.75
20211207,0.05,0.06,0.06,0.15,0.31,0.7,0.99,1.26,1.43,1.48,1.88,1.8
20211208,0.04,0.05,0.07,0.13,0.29,0.68,0.99,1.27,1.44,1.52,1.93,1.87
20211209,0.03,0.06,0.06,0.12,0.28,0.7,0.99,1.26,1.42,1.49,1.91,1.87
20211210,0.03,0.06,0.06,0.13,0.27,0.67,0.98,1.25,1.42,1.48,1.91,1.88
20211213,0.01,0.05,0.05,0.11,0.27,0.66,0.95,1.21,1.37,1.42,1.86,1.81
20211214,0.02,0.05,0.05,0.13,0.26,0.67,0.98,1.23,1.39,1.44,1.87,1.82
20211215,0.03,0.05,0.05,0.13,0.29,0.69,1,1.26,1.42,1.47,1.91,1.86
20211216,0.04,0.06,0.05,0.13,0.26,0.64,0.92,1.19,1.36,1.44,1.91,1.87
20211217,0.03,0.04,0.05,0.13,0.27,0.66,0.93,1.18,1.34,1.41,1.87,1.82
20211220,0.03,0.05,0.07,0.16,0.27,0.65,0.91,1.17,1.34,1.43,1.9,1.85
20211221,0.03,0.04,0.07,0.16,0.29,0.7,0.96,1.24,1.4,1.48,1.92,1.89
20211222,0.03,0.04,0.08,0.16,0.28,0.68,0.96,1.23,1.39,1.46,1.89,1.86
20211223,0.04,0.05,0.07,0.18,0.31,0.71,0.97,1.25,1.42,1.5,1.94,1.91
20211227,0.04,0.05,0.06,0.21,0.33,0.76,0.98,1.26,1.41,1.48,1.92,1.88
20211228,0.03,0.04,0.06,0.2,0.39,0.74,0.99,1.27,1.41,1.49,1.94,1.9
20211229,0.01,0.02,0.05,0.19,0.38,0.75,0.99,1.29,1.47,1.55,2,1.96
20211230,0.06,0.06,0.05,0.19,0.38,0.73,0.98,1.27,1.44,1.52,1.97,1.93
20211231,0.06,0.05,0.06,0.19,0.39,0.73,0.97,1.26,1.44,1.52,1.94,1.9
20220103,0.05,0.06,0.08,0.22,0.4,0.78,1.04,1.37,1.55,1.63,2.05,2.01
20220104,0.06,0.05,0.08,0.22,0.38,0.77,1.02,1.37,1.57,1.66,2.1,2.07
20220105,0.05,0.06,0.09,0.22,0.41,0.83,1.1,1.43,1.62,1.71,2.12,2.09
20220106,0.04,0.05,0.1,0.23,0.45,0.88,1.15,1.47,1.66,1.73,2.12,2.09
20220107,0.05,0.05,0.1,0.24,0.43,0.87,1.17,1.5,1.69,1.76,2.15,2.11
20220110,0.05,0.06,0.13,0.28,0.46,0.92,1.21,1.53,1.71,1.78,2.15,2.11
20220111,0.04,0.05,0.11,0.28,0.46,0.9,1.22,1.51,1.69,1.75,2.13,2.08
20220112,0.04,0.06,0.12,0.27,0.48,0.92,1.21,1.5,1.67,1.74,2.13,2.08
20220113,0.05,0.05,0.12,0.28,0.47,0.91,1.18,1.47,1.64,1.7,2.1,2.05
20220114,0.05,0.05,0.13,0.3,0.51,0.99,1.26,1.55,1.72,1.78,2.18,2.12
20220118,0.05,0.06,0.16,0.37,0.58,1.06,1.35,1.65,1.82,1.87,2.24,2.18
20220119,0.05,0.06,0.17,0.36,0.57,1.04,1.33,1.62,1.78,1.83,2.2,2.14
20220120,0.05,0.09,0.17,0.36,0.6,1.08,1.34,1.62,1.77,1.83,2.19,2.14
20220121,0.05,0.08,0.17,0.35,0.58,1.01,1.28,1.54,1.7,1.75,2.13,2.07
20220124,0.05,0.09,0.19,0.39,0.58,0.99,1.25,1.53,1.69,1.75,2.15,2.1
20220125,0.05,0.09,0.19,0.39,0.65,1.02,1.28,1.56,1.73,1.78,2.18,2.12
20220126,0.06,0.11,0.19,0.4,0.7,1.13,1.39,1.66,1.81,1.85,2.22,2.16
20220127,0.04,0.14,0.2,0.43,0.75,1.18,1.43,1.66,1.78,1.81,2.17,2.09
20220128,0.04,0.1,0.19,0.43,0.75,1.15,1.38,1.61,1.74,1.78,2.14,2.07
20220131,0.03,0.13,0.22,0.49,0.78,1.18,1.39,1.62,1.75,1.79,2.17,2.11
20220201,0.04,0.1,0.19,0.48,0.78,1.18,1.39,1.63,1.76,1.81,2.19,2.12
20220202,0.04,0.1,0.19,0.45,0.76,1.16,1.38,1.6,1.74,1.78,2.17,2.11
20220203,0.03,0.15,0.2,0.48,0.78,1.19,1.42,1.66,1.78,1.82,2.2,2.14
20220204,0.05,0.12,0.23,0.56,0.89,1.31,1.55,1.78,1.9,1.93,2.29,2.23
20220207,0.03,0.14,0.27,0.58,0.88,1.3,1.54,1.76,1.88,1.92,2.28,2.22
20220208,0.03,0.14,0.25,0.59,0.91,1.35,1.59,1.81,1.93,1.96,2.31,2.25
20220209,0.04,0.15,0.26,0.57,0.91,1.36,1.61,1.82,1.92,1.94,2.31,2.25
20220210,0.05,0.31,0.4,0.74,1.14,1.61,1.82,1.96,2.03,2.03,2.37,2.3
20220211,0.03,0.22,0.36,0.71,1.07,1.5,1.71,1.84,1.92,1.92,2.3,2.24
20220214,0.03,0.25,0.43,0.76,1.13,1.58,1.8,1.9,1.98,1.98,2.35,2.29
20220215,0.02,0.19,0.4,0.72,1.11,1.58,1.8,1.94,2.03,2.05,2.42,2.37
20220216,0.03,0.17,0.38,0.67,1.09,1.52,1.75,1.9,2,2.03,2.39,2.34
20220217,0.06,0.23,0.36,0.65,1.05,1.49,1.7,1.85,1.94,1.97,2.35,2.31
20220218,0.03,0.19,0.35,0.65,1.03,1.47,1.68,1.82,1.9,1.92,2.3,2.24
20220222,0.03,0.2,0.37,0.73,1.17,1.56,1.74,1.85,1.93,1.94,2.31,2.24
20220223,0.02,0.2,0.34,0.74,1.16,1.58,1.78,1.89,1.98,1.99,2.36,2.29
20220224,0.05,0.18,0.32,0.65,1.08,1.54,1.73,1.84,1.94,1.96,2.36,2.28
20220225,0.03,0.2,0.33,0.71,1.13,1.55,1.76,1.86,1.96,1.97,2.37,2.29
20220228,0.06,0.2,0.35,0.69,1.01,1.44,1.62,1.71,1.81,1.83,2.25,2.17
20220301,0.11,0.21,0.32,0.6,0.91,1.31,1.47,1.56,1.67,1.72,2.19,2.11
20220302,0.13,0.24,0.34,0.68,1.06,1.5,1.67,1.74,1.83,1.86,2.32,2.24
20220303,0.19,0.25,0.38,0.69,1.08,1.53,1.69,1.74,1.82,1.86,2.32,2.24
20220304,0.15,0.21,0.34,0.69,1.05,1.5,1.62,1.65,1.7,1.74,2.23,2.16
20220307,0.17,0.23,0.38,0.75,1.07,1.55,1.68,1.71,1.77,1.78,2.29,2.19
20220308,0.16,0.24,0.36,0.72,1.12,1.63,1.78,1.8,1.85,1.86,2.34,2.24
20220309,0.18,0.26,0.38,0.75,1.15,1.68,1.83,1.87,1.92,1.94,2.38,2.29
20220310,0.19,0.28,0.39,0.75,1.19,1.72,1.88,1.92,1.98,1.98,2.45,2.38
20220311,0.17,0.28,0.4,0.78,1.22,1.75,1.91,1.96,2.01,2,2.45,2.36
20220314,0.23,0.32,0.45,0.86,1.28,1.87,2.04,2.1,2.16,2.14,2.56,2.47
20220315,0.22,0.31,0.46,0.86,1.28,1.85,2.04,2.1,2.16,2.15,2.57,2.49
20220316,0.24,0.3,0.44,0.86,1.35,1.95,2.14,2.18,2.22,2.19,2.56,2.46
20220317,0.2,0.3,0.4,0.81,1.3,1.94,2.14,2.17,2.22,2.2,2.6,2.5
20220318,0.19,0.28,0.42,0.83,1.29,1.97,2.15,2.14,2.17,2.14,2.53,2.42
20220321,0.22,0.33,0.54,0.95,1.4,2.14,2.34,2.33,2.36,2.32,2.67,2.55
20220322,0.2,0.3,0.51,0.96,1.59,2.18,2.38,2.39,2.42,2.38,2.71,2.6
20220323,0.15,0.27,0.5,0.93,1.52,2.13,2.32,2.34,2.37,2.32,2.65,2.52
20220324,0.16,0.31,0.52,0.96,1.55,2.13,2.35,2.37,2.39,2.34,2.63,2.51
20220325,0.17,0.32,0.55,1.01,1.67,2.3,2.51,2.55,2.56,2.48,2.74,2.6
20220328,0.19,0.36,0.59,1.08,1.69,2.35,2.55,2.54,2.55,2.46,2.72,2.57
20220329,0.18,0.34,0.55,1.06,1.67,2.35,2.54,2.49,2.5,2.41,2.68,2.53
20220330,0.16,0.33,0.55,1.04,1.64,2.31,2.49,2.44,2.43,2.35,2.63,2.48
20220331,0.17,0.35,0.52,1.06,1.63,2.28,2.45,2.42,2.4,2.32,2.59,2.44
20220401,0.15,0.37,0.53,1.09,1.72,2.44,2.61,2.55,2.5,2.39,2.6,2.44
20220404,0.18,0.42,0.66,1.14,1.72,2.43,2.61,2.56,2.52,2.42,2.64,2.48
20220405,0.18,0.42,0.65,1.13,1.77,2.51,2.69,2.69,2.65,2.54,2.74,2.57
20220406,0.21,0.44,0.67,1.15,1.79,2.5,2.67,2.7,2.69,2.61,2.81,2.63
20220407,0.21,0.5,0.68,1.15,1.78,2.47,2.66,2.7,2.73,2.66,2.87,2.69
20220408,0.2,0.49,0.7,1.19,1.81,2.53,2.73,2.76,2.79,2.72,2.94,2.76
20220411,0.22,0.54,0.77,1.23,1.85,2.5,2.73,2.79,2.84,2.79,3.02,2.84
20220412,0.21,0.52,0.74,1.2,1.77,2.39,2.58,2.66,2.73,2.72,2.99,2.82
20220413,0.26,0.52,0.75,1.2,1.78,2.37,2.57,2.66,2.71,2.7,2.97,2.81
20220414,0.37,0.57,0.79,1.25,1.84,2.47,2.67,2.79,2.84,2.83,3.09,2.92
20220418,0.38,0.6,0.81,1.27,1.84,2.46,2.68,2.79,2.85,2.85,3.12,2.95
20220419,0.37,0.58,0.81,1.28,1.94,2.61,2.81,2.91,2.95,2.93,3.19,3.01
20220420,0.35,0.56,0.82,1.29,1.93,2.6,2.79,2.87,2.88,2.85,3.08,2.9
20220421,0.5,0.65,0.83,1.32,2.01,2.68,2.87,2.96,2.96,2.9,3.12,2.94
20220422,0.46,0.64,0.83,1.34,2.06,2.72,2.88,2.94,2.95,2.9,3.14,2.95
20220425,0.4,0.61,0.91,1.42,2.03,2.63,2.79,2.84,2.85,2.81,3.06,2.88
20220426,0.38,0.61,0.83,1.4,1.99,2.54,2.72,2.79,2.8,2.77,3.03,2.86
20220427,0.37,0.63,0.82,1.39,1.97,2.58,2.75,2.81,2.84,2.82,3.08,2.91
20220428,0.37,0.71,0.82,1.38,2.04,2.63,2.8,2.86,2.88,2.85,3.1,2.92
20220429,0.37,0.73,0.85,1.41,2.1,2.7,2.87,2.92,2.94,2.89,3.14,2.96
20220502,0.41,0.71,0.9,1.49,2.1,2.73,2.93,3.01,3.04,2.99,3.26,3.07
20220503,0.48,0.77,0.91,1.45,2.16,2.78,2.95,3.01,3.03,2.97,3.21,3.03
20220504,0.49,0.74,0.89,1.44,2.07,2.66,2.85,2.93,2.97,2.93,3.21,3.01
20220505,0.49,0.71,0.85,1.37,2.08,2.71,2.91,3.01,3.07,3.05,3.35,3.15
20220506,0.48,0.72,0.85,1.41,2.08,2.72,2.94,3.06,3.13,3.12,3.43,3.23
20220509,0.51,0.73,0.92,1.43,1.99,2.61,2.81,2.95,3.04,3.05,3.38,3.19
20220510,0.57,0.75,0.89,1.44,2.01,2.62,2.81,2.91,2.99,2.99,3.31,3.12
20220511,0.59,0.77,0.91,1.43,1.99,2.66,2.81,2.89,2.94,2.91,3.25,3.05
20220512,0.61,0.77,0.96,1.44,1.96,2.56,2.73,2.81,2.86,2.84,3.22,3
20220513,0.67,0.79,1.03,1.47,2.04,2.61,2.79,2.89,2.95,2.93,3.32,3.1
20220516,0.64,0.85,1.07,1.54,2.07,2.58,2.75,2.83,2.89,2.88,3.3,3.09
20220517,0.61,0.85,1.06,1.57,2.16,2.71,2.89,2.96,3,2.98,3.36,3.17
20220518,0.56,0.85,1.03,1.56,2.16,2.68,2.84,2.89,2.91,2.89,3.24,3.07
20220519,0.65,0.91,1.05,1.52,2.11,2.63,2.78,2.84,2.87,2.84,3.24,3.05
20220520,0.63,0.87,1.03,1.51,2.07,2.6,2.73,2.8,2.82,2.78,3.17,2.99
20220523,0.55,0.9,1.07,1.57,2.09,2.65,2.8,2.88,2.9,2.86,3.26,3.08
20220524,0.55,0.88,1.06,1.53,2.02,2.5,2.66,2.76,2.8,2.76,3.16,2.98
20220525,0.58,0.88,1.06,1.52,2.01,2.48,2.63,2.71,2.76,2.75,3.14,2.97
20220526,0.71,0.9,1.07,1.52,1.99,2.46,2.63,2.7,2.75,2.75,3.18,2.99
20220527,0.69,0.91,1.08,1.54,2.01,2.47,2.64,2.71,2.76,2.74,3.16,2.97
20220531,0.73,0.89,1.16,1.64,2.08,2.53,2.71,2.81,2.87,2.85,3.28,3.07
20220601,0.77,0.9,1.15,1.63,2.16,2.66,2.84,2.94,2.98,2.94,3.31,3.09
20220602,0.85,1.05,1.17,1.64,2.15,2.65,2.83,2.92,2.95,2.92,3.3,3.09
20220603,0.87,1.05,1.21,1.68,2.18,2.66,2.87,2.95,2.99,2.96,3.33,3.11
20220606,0.88,1.07,1.26,1.74,2.23,2.73,2.94,3.03,3.07,3.04,3.41,3.19
20220607,0.87,1.08,1.26,1.75,2.26,2.75,2.91,2.99,3.02,2.98,3.35,3.13
20220608,0.89,1.1,1.28,1.77,2.29,2.78,2.94,3.03,3.06,3.03,3.4,3.18
20220609,1.05,1.17,1.3,1.81,2.35,2.83,2.99,3.07,3.08,3.04,3.4,3.18
20220610,1.1,1.25,1.39,1.98,2.58,3.06,3.21,3.25,3.24,3.15,3.45,3.2
20220613,1.13,1.45,1.73,2.25,2.89,3.4,3.56,3.56,3.53,3.43,3.68,3.42
20220614,1.19,1.55,1.83,2.43,3.15,3.45,3.6,3.61,3.6,3.49,3.72,3.45
20220615,1.21,1.56,1.74,2.32,2.93,3.2,3.35,3.38,3.39,3.33,3.64,3.39
20220616,1.19,1.47,1.59,2.24,2.88,3.14,3.33,3.35,3.36,3.28,3.59,3.35
20220617,1.15,1.5,1.63,2.25,2.86,3.17,3.35,3.34,3.34,3.25,3.55,3.3
20220621,1.08,1.48,1.7,2.46,2.92,3.21,3.35,3.38,3.39,3.31,3.63,3.39
20220622,0.98,1.42,1.61,2.4,2.79,3.06,3.2,3.22,3.24,3.16,3.49,3.25
20220623,1.12,1.54,1.65,2.44,2.78,3.01,3.12,3.14,3.16,3.09,3.45,3.21
20220624,1.19,1.6,1.73,2.51,2.83,3.04,3.13,3.18,3.19,3.13,3.51,3.26
20220627,1.16,1.57,1.79,2.56,2.89,3.08,3.21,3.24,3.27,3.2,3.56,3.31
20220628,1.12,1.59,1.79,2.55,2.88,3.1,3.21,3.25,3.27,3.2,3.55,3.3
20220629,1.12,1.53,1.78,2.55,2.88,3.06,3.13,3.15,3.17,3.1,3.46,3.22
20220630,1.28,1.68,1.72,2.51,2.8,2.92,2.99,3.01,3.04,2.98,3.38,3.14
20220701,1.27,1.68,1.73,2.52,2.79,2.84,2.85,2.88,2.92,2.88,3.35,3.11
20220705,1.33,1.71,1.9,2.59,2.77,2.82,2.82,2.82,2.87,2.82,3.31,3.05
20220706,1.36,1.7,1.9,2.62,2.82,2.97,2.99,2.96,2.99,2.93,3.42,3.14
20220707,1.55,1.9,1.95,2.64,2.87,3.03,3.05,3.05,3.07,3.01,3.45,3.2
20220708,1.57,1.92,1.98,2.68,2.96,3.12,3.14,3.13,3.16,3.09,3.53,3.27
20220711,1.58,1.95,2.18,2.79,2.97,3.07,3.09,3.05,3.06,2.99,3.43,3.18
20220712,1.63,2.01,2.22,2.78,3.07,3.03,3.07,3.01,3.01,2.96,3.37,3.13
20220713,1.78,2.2,2.39,2.96,3.21,3.13,3.14,3.02,3,2.91,3.35,3.08
20220714,1.99,2.32,2.4,2.93,3.16,3.15,3.16,3.06,3.05,2.96,3.36,3.11
20220715,1.98,2.26,2.37,2.94,3.12,3.13,3.14,3.05,3.03,2.93,3.34,3.1
20220718,1.96,2.28,2.5,3.02,3.13,3.15,3.15,3.06,3.05,2.96,3.39,3.14
20220719,1.93,2.29,2.52,3.06,3.18,3.23,3.22,3.14,3.11,3.01,3.42,3.17
20220720,1.92,2.29,2.51,3.04,3.18,3.25,3.25,3.18,3.15,3.04,3.43,3.17
20220721,2.15,2.3,2.48,3,3.11,3.1,3.07,3,2.99,2.91,3.33,3.08
20220722,2.15,2.29,2.49,2.97,3.01,2.98,2.93,2.87,2.85,2.77,3.23,3
20220725,2.14,2.31,2.62,3.06,3.07,3,2.98,2.89,2.89,2.81,3.28,3.04
20220726,2.17,2.35,2.55,3.01,3.06,3.02,3.01,2.89,2.88,2.81,3.27,3.03
20220727,2.14,2.3,2.44,2.93,3,2.96,2.93,2.82,2.83,2.78,3.26,3.03
20220728,2.2,2.3,2.42,2.9,2.93,2.85,2.81,2.69,2.69,2.68,3.23,3.02
20220729,2.22,2.28,2.41,2.91,2.98,2.89,2.83,2.7,2.7,2.67,3.2,3
20220801,2.22,2.33,2.56,2.96,2.98,2.9,2.82,2.66,2.64,2.6,3.12,2.92
20220802,2.22,2.33,2.56,3,3.09,3.06,3.02,2.85,2.82,2.75,3.22,3
20220803,2.2,2.29,2.52,3,3.14,3.1,3.04,2.86,2.81,2.73,3.17,2.96
20220804,2.19,2.36,2.5,2.98,3.11,3.03,2.95,2.76,2.73,2.68,3.15,2.97
20220805,2.21,2.39,2.58,3.1,3.29,3.24,3.18,2.97,2.91,2.83,3.27,3.06
20220808,2.23,2.43,2.65,3.15,3.3,3.21,3.14,2.91,2.85,2.77,3.22,3
20220809,2.23,2.43,2.67,3.16,3.33,3.28,3.2,2.97,2.89,2.8,3.24,3.01
20220810,2.24,2.43,2.65,3.13,3.26,3.23,3.13,2.93,2.86,2.78,3.27,3.04
20220811,2.24,2.51,2.62,3.08,3.25,3.23,3.16,2.98,2.94,2.87,3.38,3.15
20220812,2.23,2.5,2.63,3.13,3.26,3.25,3.18,2.97,2.92,2.84,3.34,3.12
20220815,2.27,2.53,2.72,3.13,3.23,3.2,3.14,2.91,2.86,2.79,3.31,3.1
20220816,2.26,2.51,2.7,3.12,3.26,3.25,3.19,2.95,2.9,2.82,3.31,3.11
20220817,2.22,2.51,2.68,3.15,3.27,3.28,3.27,3.04,2.99,2.89,3.37,3.15
20220818,2.23,2.56,2.71,3.12,3.24,3.22,3.23,3.02,2.97,2.88,3.35,3.14
20220819,2.23,2.6,2.74,3.16,3.26,3.25,3.28,3.11,3.06,2.98,3.44,3.22
20220822,2.27,2.6,2.82,3.23,3.32,3.32,3.36,3.17,3.12,3.03,3.48,3.24
20220823,2.28,2.6,2.8,3.21,3.29,3.29,3.35,3.18,3.14,3.05,3.49,3.26
20220824,2.29,2.62,2.82,3.28,3.35,3.36,3.4,3.2,3.2,3.11,3.55,3.32
20220825,2.42,2.7,2.88,3.25,3.33,3.35,3.37,3.15,3.11,3.03,3.47,3.25
20220826,2.39,2.69,2.89,3.26,3.36,3.37,3.4,3.2,3.14,3.04,3.44,3.21
20220829,2.45,2.75,2.97,3.32,3.43,3.42,3.45,3.27,3.21,3.12,3.5,3.25
20220830,2.43,2.73,2.97,3.31,3.48,3.46,3.47,3.27,3.22,3.11,3.49,3.23
20220831,2.4,2.72,2.96,3.32,3.5,3.45,3.46,3.3,3.25,3.15,3.53,3.27
20220901,2.53,2.8,2.97,3.34,3.51,3.51,3.54,3.39,3.36,3.26,3.64,3.37
20220902,2.49,2.79,2.94,3.33,3.47,3.4,3.44,3.3,3.29,3.2,3.61,3.35
20220906,2.44,2.82,3.04,3.4,3.61,3.5,3.55,3.43,3.41,3.33,3.74,3.49
20220907,2.3,2.8,3.07,3.42,3.6,3.45,3.5,3.37,3.35,3.27,3.67,3.42
20220908,2.57,2.86,3.06,3.44,3.6,3.48,3.54,3.39,3.37,3.29,3.69,3.45
20220909,2.57,2.88,3.08,3.52,3.67,3.56,3.61,3.45,3.42,3.33,3.71,3.47
20220912,2.62,2.93,3.17,3.56,3.7,3.58,3.6,3.47,3.45,3.37,3.76,3.53
20220913,2.55,2.95,3.28,3.75,3.92,3.75,3.75,3.58,3.53,3.42,3.75,3.51
20220914,2.54,2.95,3.24,3.76,3.95,3.78,3.79,3.6,3.52,3.41,3.73,3.47
20220915,2.76,3.03,3.22,3.78,4,3.87,3.85,3.66,3.59,3.45,3.75,3.48
20220916,2.68,3.01,3.2,3.77,3.96,3.85,3.81,3.62,3.56,3.45,3.79,3.52
20220919,2.62,3.02,3.37,3.87,4.05,3.95,3.9,3.69,3.62,3.49,3.77,3.52
20220920,2.57,3.05,3.35,3.86,4.03,3.96,3.94,3.75,3.69,3.57,3.83,3.59
20220921,2.59,3.06,3.31,3.86,4.08,4.02,3.98,3.74,3.65,3.51,3.73,3.5
20220922,2.73,3.09,3.29,3.87,4.08,4.11,4.12,3.91,3.84,3.7,3.9,3.65
20220923,2.67,3.07,3.24,3.85,4.15,4.2,4.21,3.96,3.85,3.69,3.87,3.61
20220926,2.73,3.14,3.39,3.95,4.17,4.27,4.37,4.15,4.06,3.88,4.01,3.72
20220927,2.71,3.14,3.35,3.91,4.16,4.3,4.39,4.21,4.14,3.97,4.15,3.87
20220928,2.63,3.14,3.4,3.87,3.99,4.07,4.12,3.92,3.83,3.72,3.98,3.7
20220929,2.78,3.2,3.36,3.87,3.98,4.16,4.19,3.98,3.89,3.76,4,3.71
20220930,2.79,3.2,3.33,3.92,4.05,4.22,4.25,4.06,3.97,3.83,4.08,3.79
20221003,2.87,3.26,3.46,3.97,4.01,4.12,4.12,3.9,3.79,3.67,4,3.73
20221004,2.91,3.23,3.45,3.98,4.15,4.1,4.08,3.84,3.73,3.62,3.95,3.7
20221005,2.89,3.22,3.46,4,4.14,4.15,4.17,3.96,3.87,3.76,4.05,3.78
20221006,3.05,3.34,3.46,4.04,4.19,4.23,4.24,4.05,3.95,3.83,4.08,3.81
20221007,3.03,3.34,3.45,4.09,4.24,4.3,4.33,4.14,4.03,3.89,4.13,3.86
20221011,3.07,3.43,3.67,4.17,4.28,4.3,4.31,4.14,4.06,3.93,4.19,3.92
20221012,3.07,3.45,3.7,4.16,4.28,4.28,4.29,4.12,4.03,3.91,4.18,3.9
20221013,3.35,3.6,3.79,4.3,4.46,4.47,4.44,4.21,4.11,3.97,4.25,3.97
20221014,3.3,3.61,3.81,4.31,4.5,4.48,4.47,4.25,4.15,4,4.26,3.99
20221017,3.3,3.66,3.97,4.38,4.5,4.45,4.45,4.24,4.15,4.02,4.29,4.04
20221018,3.25,3.7,4.04,4.39,4.5,4.43,4.43,4.21,4.12,4.01,4.27,4.04
20221019,3.31,3.72,4.07,4.45,4.6,4.55,4.56,4.35,4.26,4.14,4.38,4.15
20221020,3.58,3.83,4.09,4.48,4.66,4.62,4.66,4.45,4.36,4.24,4.47,4.24
20221021,3.55,3.78,4.09,4.43,4.58,4.49,4.52,4.34,4.28,4.21,4.54,4.33
20221024,3.57,3.83,4.16,4.52,4.61,4.5,4.52,4.36,4.31,4.25,4.59,4.4
20221025,3.56,3.81,4.14,4.5,4.6,4.42,4.45,4.25,4.17,4.1,4.45,4.26
20221026,3.54,3.85,4.11,4.47,4.54,4.39,4.41,4.2,4.12,4.04,4.38,4.19
20221027,3.76,3.95,4.13,4.44,4.5,4.3,4.29,4.09,4.01,3.96,4.32,4.12
20221028,3.75,3.95,4.18,4.51,4.55,4.41,4.38,4.19,4.1,4.02,4.38,4.15
20221031,3.73,4,4.22,4.57,4.66,4.51,4.45,4.27,4.18,4.1,4.44,4.22
20221101,3.72,4,4.23,4.58,4.75,4.54,4.48,4.27,4.18,4.07,4.37,4.14
20221102,3.7,4.01,4.22,4.57,4.76,4.61,4.54,4.3,4.2,4.1,4.41,4.15
20221103,3.75,4.04,4.25,4.57,4.78,4.71,4.63,4.36,4.26,4.14,4.42,4.18
20221104,3.73,4,4.21,4.55,4.76,4.66,4.58,4.33,4.26,4.17,4.49,4.27
20221107,3.78,4.04,4.29,4.62,4.8,4.72,4.63,4.39,4.31,4.22,4.55,4.34
20221108,3.66,4.04,4.28,4.6,4.77,4.67,4.55,4.31,4.22,4.14,4.47,4.28
20221109,3.65,4.05,4.29,4.59,4.75,4.61,4.49,4.27,4.2,4.12,4.5,4.31
20221110,3.71,4,4.28,4.52,4.59,4.34,4.17,3.95,3.89,3.82,4.24,4.03
20221114,3.72,4.05,4.34,4.55,4.63,4.4,4.24,4,3.95,3.88,4.28,4.07
20221115,3.77,4.1,4.31,4.54,4.6,4.37,4.17,3.93,3.88,3.8,4.2,3.98
20221116,3.81,4.15,4.32,4.54,4.62,4.35,4.13,3.83,3.77,3.67,4.03,3.85
20221117,3.93,4.2,4.32,4.57,4.68,4.43,4.22,3.93,3.87,3.77,4.1,3.89
20221118,3.93,4.23,4.34,4.61,4.74,4.51,4.28,3.99,3.92,3.82,4.13,3.92
20221121,3.97,4.24,4.41,4.65,4.75,4.48,4.32,3.97,3.94,3.83,4.14,3.91
20221122,3.97,4.26,4.4,4.68,4.79,4.47,4.27,3.93,3.86,3.76,4.05,3.83
20221123,4.12,4.29,4.4,4.67,4.75,4.46,4.23,3.88,3.81,3.71,3.97,3.74
20221125,4.16,4.33,4.41,4.67,4.76,4.42,4.2,3.85,3.78,3.68,3.97,3.74
20221128,4.11,4.29,4.41,4.72,4.76,4.46,4.22,3.88,3.8,3.69,3.97,3.74
20221129,4.08,4.26,4.38,4.72,4.78,4.48,4.24,3.92,3.85,3.75,4.02,3.81
20221130,4.07,4.25,4.37,4.7,4.74,4.38,4.13,3.82,3.76,3.68,4,3.8
20221201,4.04,4.24,4.33,4.65,4.66,4.25,3.98,3.68,3.62,3.53,3.85,3.64
20221202,3.91,4.25,4.34,4.65,4.69,4.28,3.99,3.67,3.61,3.51,3.79,3.56
20221205,3.93,4.25,4.36,4.73,4.77,4.41,4.13,3.8,3.72,3.6,3.84,3.62
20221206,3.87,4.19,4.37,4.74,4.73,4.34,4.07,3.73,3.64,3.51,3.77,3.52
20221207,3.79,4.1,4.29,4.72,4.67,4.26,3.97,3.62,3.54,3.42,3.66,3.42
20221208,3.75,4.11,4.28,4.71,4.71,4.31,4.04,3.71,3.63,3.48,3.71,3.44
20221209,3.81,4.13,4.31,4.72,4.72,4.33,4.07,3.75,3.69,3.57,3.82,3.56
20221212,3.86,4.18,4.38,4.78,4.75,4.39,4.1,3.8,3.73,3.61,3.84,3.57
20221213,3.89,4.16,4.35,4.7,4.64,4.22,3.96,3.66,3.6,3.51,3.74,3.53
20221214,3.91,4.14,4.33,4.68,4.64,4.23,3.94,3.64,3.59,3.49,3.74,3.52
20221215,3.95,4.24,4.34,4.7,4.65,4.23,3.96,3.62,3.56,3.44,3.69,3.48
20221216,3.94,4.22,4.31,4.68,4.61,4.17,3.91,3.61,3.58,3.48,3.73,3.53
20221219,3.95,4.24,4.37,4.71,4.64,4.25,3.99,3.7,3.67,3.57,3.82,3.62
20221220,3.89,4.23,4.35,4.7,4.64,4.25,4.03,3.79,3.78,3.69,3.94,3.74
20221221,3.9,4.23,4.33,4.67,4.6,4.21,4,3.78,3.77,3.68,3.93,3.74
20221222,3.8,4.2,4.35,4.66,4.64,4.24,4.02,3.79,3.77,3.67,3.91,3.73
20221223,3.8,4.2,4.34,4.67,4.66,4.31,4.09,3.86,3.83,3.75,3.99,3.82
20221227,3.87,4.32,4.46,4.76,4.75,4.32,4.17,3.94,3.93,3.84,4.1,3.93
20221228,3.86,4.33,4.46,4.75,4.71,4.31,4.18,3.97,3.97,3.88,4.13,3.98
20221229,4.04,4.39,4.45,4.73,4.71,4.34,4.16,3.94,3.91,3.83,4.09,3.92
20221230,4.12,4.41,4.42,4.76,4.73,4.41,4.22,3.99,3.96,3.88,4.14,3.97
20230103,4.17,4.42,4.53,4.77,4.72,4.4,4.18,3.94,3.89,3.79,4.06,3.88
20230104,4.2,4.42,4.55,4.77,4.71,4.36,4.11,3.85,3.79,3.69,3.97,3.81
20230105,4.3,4.55,4.66,4.81,4.78,4.45,4.18,3.9,3.82,3.71,3.96,3.78
20230106,4.32,4.55,4.67,4.79,4.71,4.24,3.96,3.69,3.63,3.55,3.84,3.67
20230109,4.37,4.58,4.7,4.83,4.69,4.19,3.93,3.66,3.6,3.53,3.83,3.66
20230110,4.41,4.62,4.73,4.85,4.74,4.24,3.94,3.72,3.67,3.61,3.91,3.74
20230111,4.42,4.62,4.72,4.84,4.73,4.2,3.9,3.66,3.61,3.54,3.84,3.67
20230112,4.57,4.59,4.66,4.76,4.66,4.12,3.79,3.53,3.48,3.43,3.73,3.56
20230113,4.58,4.59,4.67,4.77,4.69,4.22,3.88,3.6,3.55,3.49,3.79,3.61
20230117,4.6,4.63,4.71,4.82,4.67,4.18,3.86,3.6,3.57,3.53,3.81,3.64
20230118,4.59,4.62,4.69,4.79,4.63,4.06,3.72,3.43,3.4,3.37,3.65,3.54
20230119,4.69,4.66,4.71,4.79,4.65,4.09,3.76,3.48,3.43,3.39,3.69,3.57
20230120,4.69,4.64,4.72,4.8,4.68,4.14,3.83,3.56,3.51,3.48,3.77,3.66
20230123,4.69,4.65,4.73,4.82,4.7,4.21,3.88,3.61,3.56,3.52,3.8,3.69
20230124,4.7,4.67,4.72,4.84,4.7,4.12,3.86,3.58,3.52,3.46,3.73,3.62
20230125,4.67,4.65,4.72,4.79,4.67,4.11,3.84,3.54,3.51,3.46,3.74,3.62
20230126,4.61,4.65,4.71,4.79,4.68,4.17,3.88,3.58,3.54,3.49,3.75,3.62
20230127,4.61,4.64,4.73,4.81,4.68,4.19,3.9,3.62,3.58,3.52,3.77,3.64
20230130,4.6,4.64,4.72,4.82,4.71,4.25,3.96,3.68,3.62,3.55,3.79,3.66
20230131,4.58,4.64,4.7,4.8,4.68,4.21,3.9,3.63,3.59,3.52,3.78,3.65
20230201,4.59,4.63,4.66,4.79,4.66,4.09,3.75,3.48,3.43,3.39,3.67,3.55
20230202,4.62,4.65,4.66,4.76,4.64,4.09,3.75,3.49,3.44,3.4,3.67,3.55
20230203,4.61,4.67,4.7,4.82,4.79,4.3,3.96,3.67,3.61,3.53,3.77,3.63
20230206,4.61,4.67,4.71,4.89,4.85,4.44,4.1,3.81,3.73,3.63,3.82,3.67
20230207,4.62,4.68,4.71,4.89,4.88,4.47,4.11,3.85,3.78,3.67,3.87,3.72
20230208,4.64,4.69,4.72,4.88,4.87,4.45,4.08,3.82,3.75,3.63,3.86,3.7
20230209,4.66,4.77,4.77,4.9,4.88,4.48,4.15,3.87,3.79,3.67,3.9,3.75
20230210,4.66,4.77,4.79,4.89,4.89,4.5,4.19,3.93,3.86,3.74,3.96,3.83
20230213,4.66,4.78,4.81,4.99,4.91,4.52,4.22,3.93,3.84,3.72,3.92,3.79
20230214,4.63,4.78,4.8,4.98,4.99,4.6,4.32,4,3.9,3.77,3.94,3.81
20230215,4.64,4.79,4.79,4.97,4.96,4.62,4.35,4.04,3.94,3.81,3.97,3.85
20230216,4.66,4.8,4.84,4.98,4.99,4.62,4.35,4.06,3.98,3.86,4.05,3.92
20230217,4.64,4.81,4.84,4.99,5,4.6,4.33,4.03,3.95,3.82,4.01,3.88
20230221,4.63,4.83,4.86,5.07,5.07,4.67,4.44,4.16,4.08,3.95,4.12,3.98
20230222,4.62,4.81,4.84,5.08,5.07,4.66,4.43,4.13,4.07,3.93,4.09,3.94
20230223,4.66,4.83,4.84,5.05,5.03,4.66,4.4,4.09,4.02,3.88,4.04,3.88
20230224,4.68,4.83,4.86,5.06,5.05,4.78,4.52,4.19,4.1,3.95,4.11,3.93
20230227,4.67,4.83,4.89,5.18,5.03,4.78,4.49,4.17,4.08,3.92,4.11,3.93
20230228,4.65,4.81,4.88,5.17,5.02,4.81,4.51,4.18,4.07,3.92,4.1,3.93
20230301,4.67,4.82,4.9,5.2,5.06,4.89,4.61,4.27,4.17,4.01,4.17,3.97
20230302,4.75,4.8,4.91,5.18,5.04,4.89,4.63,4.32,4.24,4.08,4.24,4.03
20230303,4.75,4.79,4.91,5.18,5.03,4.86,4.6,4.26,4.15,3.97,4.12,3.9
20230306,4.75,4.79,4.93,5.22,5.05,4.89,4.61,4.27,4.16,3.98,4.14,3.92
20230307,4.8,4.88,5.04,5.32,5.22,5,4.66,4.31,4.17,3.97,4.11,3.88
20230308,4.77,4.88,5.06,5.34,5.25,5.05,4.71,4.34,4.19,3.98,4.11,3.88
20230309,4.83,4.96,5.05,5.32,5.18,4.9,4.56,4.22,4.1,3.93,4.09,3.88
20230310,4.81,4.91,5.01,5.17,4.9,4.6,4.31,3.96,3.86,3.7,3.9,3.7
20230313,4.62,4.81,4.87,4.81,4.3,4.03,3.88,3.68,3.65,3.55,3.85,3.7
20230314,4.47,4.77,4.88,4.93,4.45,4.2,4.05,3.78,3.74,3.64,3.91,3.77
20230315,4.23,4.56,4.75,4.73,4.19,3.93,3.83,3.59,3.57,3.51,3.82,3.7
20230316,4.22,4.66,4.74,4.94,4.49,4.14,3.99,3.72,3.67,3.56,3.87,3.71
20230317,4.31,4.51,4.52,4.71,4.26,3.81,3.68,3.44,3.45,3.39,3.76,3.6
20230320,4.34,4.56,4.81,4.8,4.34,3.92,3.77,3.56,3.55,3.47,3.83,3.65
20230321,4.07,4.5,4.78,4.96,4.68,4.17,3.98,3.73,3.68,3.59,3.9,3.73
20230322,4.16,4.56,4.79,4.95,4.56,3.96,3.76,3.54,3.53,3.48,3.83,3.68
20230323,4.26,4.48,4.73,4.8,4.38,3.76,3.57,3.39,3.39,3.38,3.78,3.66
20230324,4.28,4.48,4.74,4.76,4.32,3.76,3.58,3.41,3.4,3.38,3.77,3.64
20230327,4.22,4.47,4.91,4.86,4.51,3.94,3.79,3.59,3.57,3.53,3.9,3.77
20230328,4.24,4.39,4.8,4.9,4.55,4.02,3.84,3.63,3.6,3.55,3.9,3.77
20230329,4.34,4.5,4.8,4.92,4.59,4.08,3.87,3.67,3.62,3.57,3.91,3.78
20230330,4.74,4.77,4.97,4.92,4.63,4.1,3.87,3.66,3.61,3.55,3.88,3.74
20230331,4.74,4.79,4.85,4.94,4.64,4.06,3.81,3.6,3.55,3.48,3.81,3.67
20230403,4.7,4.79,4.9,4.88,4.6,3.97,3.73,3.52,3.48,3.43,3.78,3.64
20230404,4.66,4.8,4.88,4.8,4.5,3.84,3.6,3.39,3.38,3.35,3.72,3.6
20230405,4.62,4.77,4.86,4.82,4.43,3.79,3.55,3.36,3.34,3.3,3.67,3.56
20230406,4.57,4.85,4.91,4.93,4.51,3.82,3.59,3.37,3.34,3.3,3.66,3.54
20230407,4.56,4.9,4.95,4.95,4.61,3.97,3.72,3.49,3.45,3.39,3.73,3.61
20230410,4.53,4.89,5.08,4.98,4.65,4,3.75,3.52,3.47,3.41,3.74,3.62
20230411,4.27,4.89,5.04,4.99,4.67,4.03,3.76,3.54,3.48,3.43,3.75,3.62
20230412,4.27,4.89,5.02,4.98,4.64,3.95,3.68,3.46,3.43,3.41,3.75,3.64
20230413,4.08,4.96,5.1,4.95,4.66,3.96,3.7,3.51,3.48,3.45,3.8,3.69
20230414,4.29,4.98,5.14,5.03,4.77,4.08,3.83,3.6,3.56,3.52,3.85,3.74
20230417,4.09,5.04,5.21,5.07,4.8,4.18,3.92,3.69,3.64,3.6,3.92,3.81
20230418,3.89,5.04,5.2,5.09,4.81,4.19,3.92,3.69,3.63,3.58,3.91,3.79
20230419,3.95,5.03,5.16,5.1,4.84,4.24,3.97,3.71,3.66,3.6,3.9,3.79
20230420,3.4,5.04,5.12,5.06,4.77,4.14,3.87,3.63,3.59,3.54,3.87,3.75
20230421,3.36,4.98,5.14,5.07,4.78,4.17,3.89,3.66,3.62,3.57,3.9,3.78
20230424,3.54,5.09,5.2,5.06,4.76,4.12,3.84,3.6,3.56,3.52,3.85,3.73
20230425,4.11,5.05,5.12,4.98,4.6,3.86,3.62,3.43,3.42,3.4,3.77,3.65
20230426,3.91,5.07,5.16,5,4.64,3.9,3.65,3.46,3.45,3.43,3.81,3.7
20230427,4.27,5.13,5.18,5.05,4.78,4.07,3.82,3.6,3.57,3.53,3.88,3.76
20230428,4.35,5.14,5.1,5.06,4.8,4.04,3.75,3.51,3.49,3.44,3.8,3.67
20230501,4.49,5.17,5.27,5.14,4.86,4.14,3.85,3.64,3.62,3.59,3.95,3.84
20230502,4.56,5.33,5.24,5.06,4.74,3.97,3.67,3.46,3.44,3.44,3.82,3.72
20230503,4.7,5.33,5.26,5.08,4.7,3.89,3.58,3.37,3.37,3.38,3.79,3.7
20230504,5.76,5.24,5.26,5.04,4.59,3.75,3.47,3.29,3.32,3.37,3.8,3.73
20230505,5.59,5.23,5.26,5.13,4.73,3.92,3.63,3.41,3.41,3.44,3.85,3.76
20230508,5.51,5.17,5.31,5.14,4.79,4,3.7,3.49,3.5,3.52,3.92,3.84
20230509,5.56,5.16,5.29,5.18,4.81,4.01,3.67,3.51,3.51,3.53,3.94,3.85
20230510,5.5,4.99,5.24,5.13,4.7,3.9,3.55,3.37,3.4,3.43,3.88,3.8
20230511,5.81,4.82,5.2,5.14,4.7,3.89,3.56,3.36,3.37,3.39,3.82,3.73
20230512,5.79,4.87,5.25,5.16,4.75,3.98,3.65,3.45,3.45,3.46,3.87,3.78
20230515,5.64,4.97,5.21,5.24,4.73,3.99,3.67,3.46,3.48,3.5,3.92,3.84
20230516,5.58,4.98,5.23,5.26,4.88,4.06,3.74,3.52,3.53,3.54,3.96,3.87
20230517,5.5,5.06,5.26,5.3,4.92,4.12,3.8,3.58,3.58,3.57,3.96,3.88
20230518,5.59,5.22,5.31,5.38,5.02,4.24,3.94,3.69,3.67,3.65,4.02,3.91
20230519,5.62,5.27,5.29,5.36,5.02,4.28,3.98,3.76,3.74,3.7,4.07,3.95
20230522,5.69,5.35,5.4,5.43,5.07,4.29,3.98,3.77,3.74,3.72,4.09,3.97
20230523,5.67,5.26,5.34,5.39,5.06,4.26,3.99,3.76,3.73,3.7,4.08,3.96
20230524,5.73,5.22,5.37,5.42,5.12,4.31,4.04,3.75,3.76,3.73,4.1,3.97
20230525,5.95,5.44,5.38,5.46,5.24,4.5,4.21,3.9,3.86,3.83,4.16,4.01
20230526,6.02,5.47,5.34,5.44,5.25,4.54,4.23,3.92,3.86,3.8,4.13,3.96
20230530,5.31,5.31,5.55,5.52,5.22,4.46,4.1,3.81,3.75,3.69,4.06,3.9
20230531,5.28,5.37,5.52,5.46,5.18,4.4,4.04,3.74,3.69,3.64,4.01,3.85
20230601,5.3,5.39,5.5,5.44,5.11,4.33,3.98,3.7,3.66,3.61,3.98,3.84
20230602,5.28,5.39,5.5,5.5,5.22,4.5,4.13,3.84,3.78,3.69,4.03,3.88
20230605,5.25,5.35,5.46,5.46,5.17,4.46,4.1,3.82,3.77,3.69,4.03,3.89
20230606,5.15,5.26,5.44,5.44,5.2,4.51,4.15,3.85,3.78,3.7,4.02,3.87
20230607,5.07,5.26,5.42,5.43,5.16,4.56,4.21,3.93,3.88,3.79,4.12,3.95
20230608,5.25,5.29,5.38,5.39,5.12,4.52,4.17,3.87,3.8,3.73,4.05,3.89
20230609,5.25,5.32,5.37,5.39,5.17,4.59,4.23,3.92,3.84,3.75,4.05,3.89
20230612,5.24,5.31,5.4,5.38,5.18,4.55,4.16,3.89,3.82,3.73,4.04,3.87
20230613,5.19,5.24,5.36,5.36,5.26,4.67,4.3,4.01,3.94,3.84,4.12,3.94
20230614,5.18,5.25,5.36,5.36,5.27,4.74,4.37,4.06,3.95,3.83,4.09,3.9
20230615,5.18,5.25,5.33,5.33,5.21,4.62,4.23,3.91,3.82,3.72,4.02,3.85
20230616,5.18,5.27,5.34,5.35,5.24,4.7,4.32,3.99,3.88,3.77,4.05,3.86
20230620,5.17,5.26,5.39,5.41,5.24,4.68,4.29,3.96,3.85,3.74,4.01,3.83
20230621,5.16,5.27,5.4,5.41,5.25,4.68,4.29,3.95,3.84,3.72,3.99,3.81
20230622,5.18,5.31,5.4,5.41,5.29,4.77,4.37,4.03,3.92,3.8,4.06,3.88
20230623,5.17,5.3,5.41,5.41,5.25,4.71,4.32,3.99,3.88,3.74,4.01,3.82
20230626,5.17,5.31,5.5,5.45,5.27,4.65,4.3,3.96,3.85,3.72,4.01,3.83
20230627,5.17,5.31,5.44,5.46,5.33,4.74,4.38,4.02,3.9,3.77,4.03,3.84
20230628,5.17,5.32,5.44,5.47,5.32,4.71,4.32,3.97,3.83,3.71,4,3.81
20230629,5.25,5.4,5.46,5.5,5.41,4.87,4.49,4.14,3.99,3.85,4.11,3.92
20230630,5.24,5.39,5.43,5.47,5.4,4.87,4.49,4.13,3.97,3.81,4.06,3.85
20230703,5.27,5.4,5.44,5.53,5.43,4.94,4.56,4.19,4.03,3.86,4.08,3.87
20230705,5.28,5.38,5.44,5.52,5.4,4.94,4.59,4.25,4.11,3.95,4.17,3.95
20230706,5.32,5.47,5.46,5.54,5.44,4.99,4.68,4.37,4.22,4.05,4.23,4.01
20230707,5.32,5.47,5.46,5.53,5.41,4.94,4.64,4.35,4.23,4.06,4.27,4.05
20230710,5.34,5.47,5.48,5.54,5.38,4.85,4.54,4.25,4.14,4.01,4.24,4.05
20230711,5.35,5.48,5.49,5.55,5.44,4.88,4.52,4.24,4.13,3.99,4.22,4.03
20230712,5.36,5.49,5.47,5.53,5.35,4.72,4.36,4.07,3.97,3.86,4.14,3.96
20230713,5.37,5.5,5.47,5.49,5.27,4.59,4.21,3.93,3.85,3.76,4.07,3.9
20230714,5.37,5.49,5.49,5.52,5.34,4.74,4.35,4.04,3.94,3.83,4.11,3.93
20230717,5.37,5.51,5.49,5.52,5.33,4.74,4.34,4.02,3.91,3.81,4.1,3.94
20230718,5.37,5.5,5.49,5.51,5.32,4.74,4.35,4,3.9,3.8,4.08,3.91
20230719,5.37,5.51,5.49,5.51,5.32,4.74,4.34,3.98,3.87,3.75,4.01,3.84
20230720,5.44,5.53,5.49,5.52,5.35,4.8,4.43,4.08,3.98,3.85,4.1,3.91
20230721,5.43,5.54,5.5,5.53,5.35,4.82,4.44,4.09,3.97,3.84,4.1,3.91
20230724,5.44,5.54,5.51,5.55,5.38,4.81,4.48,4.13,4,3.86,4.11,3.92
20230725,5.46,5.54,5.51,5.57,5.38,4.85,4.53,4.15,4.05,3.91,4.14,3.95
20230726,5.46,5.53,5.51,5.55,5.37,4.82,4.47,4.09,3.99,3.86,4.12,3.94
20230727,5.47,5.55,5.51,5.56,5.4,4.91,4.58,4.24,4.13,4.01,4.26,4.06
20230728,5.47,5.54,5.52,5.54,5.37,4.87,4.52,4.18,4.08,3.96,4.22,4.03
20230731,5.48,5.54,5.55,5.53,5.37,4.88,4.51,4.18,4.08,3.97,4.22,4.02
20230801,5.49,5.54,5.54,5.54,5.38,4.92,4.57,4.24,4.15,4.05,4.3,4.11
20230802,5.48,5.53,5.53,5.52,5.36,4.88,4.54,4.24,4.17,4.08,4.35,4.17
20230803,5.54,5.52,5.54,5.52,5.37,4.9,4.58,4.3,4.26,4.2,4.49,4.32
20230804,5.54,5.51,5.54,5.5,5.33,4.78,4.45,4.15,4.1,4.05,4.36,4.21
20230807,5.54,5.51,5.56,5.53,5.3,4.76,4.44,4.16,4.13,4.09,4.42,4.27
20230808,5.54,5.53,5.57,5.53,5.35,4.74,4.36,4.1,4.06,4.02,4.35,4.2
20230809,5.51,5.52,5.55,5.54,5.35,4.79,4.41,4.12,4.07,4,4.33,4.18
20230810,5.55,5.52,5.54,5.52,5.33,4.82,4.47,4.21,4.17,4.09,4.41,4.24
20230811,5.54,5.51,5.54,5.52,5.36,4.89,4.56,4.31,4.26,4.16,4.45,4.27
20230814,5.55,5.52,5.56,5.56,5.37,4.96,4.64,4.36,4.29,4.19,4.46,4.29
20230815,5.53,5.52,5.56,5.55,5.36,4.92,4.64,4.36,4.31,4.21,4.49,4.32
20230816,5.52,5.53,5.56,5.54,5.37,4.97,4.68,4.42,4.37,4.28,4.55,4.38
20230817,5.55,5.52,5.56,5.53,5.36,4.94,4.67,4.42,4.38,4.3,4.58,4.41
20230818,5.53,5.52,5.55,5.52,5.35,4.92,4.63,4.38,4.34,4.26,4.55,4.38
20230821,5.55,5.53,5.57,5.58,5.37,4.97,4.7,4.46,4.42,4.34,4.64,4.45
20230822,5.54,5.53,5.57,5.57,5.39,5.02,4.75,4.49,4.44,4.34,4.61,4.42
20230823,5.54,5.53,5.57,5.55,5.35,4.95,4.64,4.36,4.3,4.19,4.46,4.27
20230824,5.55,5.53,5.58,5.59,5.39,4.98,4.69,4.39,4.34,4.23,4.49,4.3
20230825,5.56,5.53,5.61,5.61,5.44,5.03,4.72,4.44,4.37,4.25,4.5,4.3
20230828,5.56,5.53,5.58,5.56,5.44,4.98,4.69,4.38,4.32,4.2,4.48,4.29
20230829,5.54,5.53,5.56,5.52,5.37,4.87,4.56,4.26,4.21,4.12,4.42,4.23
20230830,5.55,5.53,5.56,5.51,5.39,4.9,4.57,4.27,4.22,4.12,4.42,4.23
20230831,5.52,5.55,5.56,5.48,5.37,4.85,4.54,4.23,4.19,4.09,4.39,4.2
20230901,5.51,5.55,5.53,5.47,5.36,4.87,4.57,4.29,4.27,4.18,4.48,4.29
20230905,5.51,5.56,5.55,5.51,5.42,4.94,4.65,4.37,4.35,4.27,4.56,4.38
20230906,5.52,5.55,5.55,5.52,5.44,5.01,4.73,4.44,4.39,4.3,4.56,4.37
20230907,5.52,5.56,5.53,5.5,5.4,4.94,4.66,4.38,4.35,4.27,4.55,4.36
20230908,5.52,5.56,5.55,5.49,5.42,4.98,4.68,4.39,4.35,4.26,4.52,4.33
20230911,5.52,5.56,5.55,5.51,5.4,4.97,4.64,4.4,4.37,4.29,4.56,4.37
20230912,5.52,5.56,5.56,5.53,5.42,4.98,4.66,4.41,4.36,4.27,4.54,4.35
20230913,5.53,5.56,5.55,5.51,5.42,4.96,4.64,4.39,4.34,4.25,4.52,4.34
20230914,5.52,5.57,5.55,5.5,5.42,5,4.68,4.42,4.38,4.29,4.57,4.39
20230915,5.51,5.56,5.56,5.49,5.43,5.02,4.72,4.45,4.41,4.33,4.59,4.42
20230918,5.53,5.56,5.55,5.51,5.44,5.05,4.74,4.46,4.41,4.32,4.57,4.4
20230919,5.53,5.56,5.54,5.51,5.45,5.08,4.79,4.51,4.47,4.37,4.6,4.43
20230920,5.53,5.57,5.56,5.51,5.47,5.12,4.82,4.52,4.46,4.35,4.57,4.4
20230921,5.52,5.57,5.57,5.52,5.46,5.12,4.85,4.61,4.57,4.49,4.74,4.56
20230922,5.52,5.58,5.56,5.52,5.46,5.1,4.8,4.57,4.53,4.44,4.7,4.53
20230925,5.54,5.58,5.58,5.52,5.45,5.09,4.83,4.62,4.61,4.55,4.84,4.67
20230926,5.54,5.58,5.58,5.53,5.45,5.04,4.84,4.62,4.62,4.56,4.86,4.7
20230927,5.54,5.59,5.58,5.53,5.49,5.1,4.89,4.67,4.69,4.61,4.91,4.73
20230928,5.56,5.61,5.56,5.53,5.46,5.04,4.83,4.62,4.63,4.59,4.9,4.71
20230929,5.55,5.6,5.55,5.53,5.46,5.03,4.8,4.6,4.61,4.59,4.92,4.73
20231002,5.56,5.6,5.62,5.58,5.49,5.12,4.88,4.72,4.73,4.69,5,4.81
20231003,5.55,5.6,5.62,5.58,5.49,5.15,4.95,4.8,4.84,4.81,5.13,4.95
20231004,5.56,5.58,5.61,5.57,5.42,5.05,4.85,4.72,4.75,4.73,5.05,4.87
20231005,5.57,5.59,5.61,5.56,5.39,5.03,4.82,4.68,4.73,4.72,5.06,4.89
20231006,5.59,5.6,5.63,5.59,5.43,5.08,4.87,4.75,4.79,4.78,5.13,4.95
20231010,5.6,5.61,5.61,5.57,5.37,4.96,4.74,4.62,4.66,4.66,5.03,4.85
20231011,5.58,5.59,5.61,5.56,5.38,4.99,4.73,4.59,4.61,4.58,4.92,4.73
20231012,5.61,5.59,5.63,5.58,5.43,5.06,4.82,4.69,4.73,4.7,5.05,4.86
20231013,5.6,5.58,5.62,5.57,5.41,5.04,4.8,4.65,4.66,4.63,4.97,4.78
20231016,5.57,5.58,5.61,5.58,5.42,5.09,4.87,4.72,4.74,4.71,5.06,4.87
20231017,5.58,5.58,5.62,5.6,5.48,5.19,5.01,4.86,4.88,4.83,5.14,4.94
20231018,5.57,5.56,5.61,5.58,5.47,5.19,5.03,4.92,4.95,4.91,5.2,5
20231019,5.58,5.57,5.6,5.56,5.44,5.14,5.01,4.95,5,4.98,5.3,5.11
20231020,5.56,5.56,5.58,5.54,5.41,5.07,4.93,4.86,4.93,4.93,5.27,5.09
20231023,5.57,5.57,5.58,5.56,5.42,5.05,4.89,4.81,4.87,4.86,5.19,5.01
20231024,5.57,5.57,5.58,5.57,5.41,5.02,4.91,4.82,4.86,4.83,5.15,4.96
20231025,5.56,5.57,5.59,5.57,5.43,5.08,4.98,4.89,4.98,4.95,5.27,5.09
20231026,5.57,5.57,5.59,5.55,5.39,5.02,4.89,4.79,4.86,4.86,5.19,5.01
20231027,5.57,5.57,5.59,5.55,5.39,4.99,4.84,4.76,4.83,4.84,5.19,5.03
20231030,5.56,5.57,5.6,5.53,5.41,5.03,4.87,4.8,4.88,4.88,5.21,5.04
20231031,5.56,5.57,5.59,5.54,5.44,5.07,4.9,4.82,4.89,4.88,5.21,5.04
20231101,5.56,5.55,5.57,5.51,5.37,4.95,4.76,4.67,4.75,4.77,5.13,4.96
20231102,5.52,5.56,5.54,5.5,5.38,4.98,4.78,4.65,4.68,4.67,4.99,4.82
20231103,5.53,5.56,5.53,5.45,5.29,4.83,4.62,4.49,4.55,4.57,4.93,4.77
20231106,5.53,5.56,5.56,5.47,5.33,4.93,4.72,4.6,4.66,4.67,5,4.84
20231107,5.53,5.56,5.55,5.47,5.33,4.91,4.64,4.53,4.58,4.58,4.91,4.75
20231108,5.52,5.54,5.54,5.46,5.34,4.93,4.65,4.51,4.54,4.49,4.82,4.64
20231109,5.53,5.56,5.54,5.46,5.39,5.03,4.77,4.65,4.68,4.62,4.97,4.77
20231110,5.53,5.55,5.53,5.46,5.38,5.04,4.8,4.65,4.68,4.61,4.93,4.73
20231113,5.53,5.55,5.55,5.48,5.37,5.02,4.8,4.66,4.69,4.63,4.95,4.75
20231114,5.52,5.55,5.52,5.41,5.24,4.8,4.56,4.42,4.45,4.44,4.8,4.61
20231115,5.52,5.54,5.53,5.41,5.27,4.9,4.68,4.52,4.56,4.53,4.87,4.68
20231116,5.53,5.55,5.51,5.38,5.23,4.83,4.59,4.43,4.47,4.45,4.82,4.63
20231117,5.52,5.54,5.5,5.39,5.24,4.88,4.64,4.45,4.47,4.44,4.8,4.59
20231120,5.53,5.55,5.54,5.43,5.25,4.89,4.62,4.44,4.46,4.42,4.74,4.57
20231121,5.52,5.54,5.53,5.42,5.24,4.86,4.6,4.41,4.44,4.41,4.75,4.57
20231122,5.54,5.55,5.54,5.42,5.26,4.89,4.62,4.44,4.46,4.42,4.73,4.55
20231124,5.55,5.56,5.54,5.45,5.27,4.92,4.67,4.49,4.51,4.47,4.79,4.6
20231127,5.54,5.54,5.49,5.45,5.24,4.84,4.6,4.38,4.43,4.39,4.72,4.53
20231128,5.53,5.53,5.47,5.42,5.21,4.73,4.49,4.29,4.36,4.34,4.7,4.52
20231129,5.53,5.52,5.45,5.38,5.12,4.64,4.4,4.22,4.28,4.27,4.62,4.44
20231130,5.56,5.54,5.45,5.38,5.16,4.73,4.48,4.31,4.38,4.37,4.72,4.54
20231201,5.55,5.53,5.43,5.33,5.05,4.56,4.31,4.14,4.22,4.22,4.58,4.4
20231204,5.55,5.53,5.46,5.41,5.1,4.64,4.4,4.23,4.3,4.28,4.61,4.43
20231205,5.54,5.51,5.45,5.37,5.06,4.57,4.33,4.14,4.2,4.18,4.48,4.3
20231206,5.54,5.5,5.45,5.38,5.07,4.6,4.33,4.12,4.16,4.12,4.4,4.22
20231207,5.53,5.54,5.44,5.36,5.05,4.58,4.31,4.11,4.16,4.14,4.42,4.25
20231208,5.54,5.53,5.44,5.39,5.13,4.71,4.45,4.24,4.28,4.23,4.49,4.31
20231211,5.55,5.54,5.47,5.4,5.14,4.71,4.42,4.25,4.27,4.23,4.51,4.32
20231212,5.53,5.53,5.46,5.41,5.14,4.73,4.42,4.23,4.24,4.2,4.48,4.3
20231213,5.52,5.52,5.44,5.33,4.94,4.46,4.18,4,4.04,4.04,4.36,4.19
20231214,5.54,5.54,5.43,5.31,4.9,4.37,4.09,3.9,3.93,3.92,4.21,4.03
20231215,5.54,5.54,5.44,5.33,4.95,4.44,4.13,3.91,3.94,3.91,4.19,4
20231218,5.52,5.52,5.46,5.36,4.95,4.43,4.15,3.94,3.97,3.95,4.23,4.05
20231219,5.51,5.51,5.43,5.35,4.93,4.41,4.15,3.94,3.96,3.93,4.23,4.03
20231220,5.5,5.49,5.44,5.33,4.88,4.34,4.06,3.86,3.88,3.86,4.17,3.98
20231221,5.54,5.53,5.42,5.31,4.84,4.33,4.06,3.87,3.91,3.89,4.19,4.03
20231222,5.54,5.52,5.44,5.31,4.82,4.31,4.04,3.87,3.92,3.9,4.21,4.05
20231226,5.53,5.52,5.45,5.28,4.83,4.26,4.05,3.89,3.91,3.89,4.2,4.04
20231227,5.55,5.53,5.44,5.26,4.79,4.2,3.97,3.78,3.81,3.79,4.1,3.95
20231228,5.57,5.55,5.45,5.28,4.82,4.26,4.02,3.83,3.84,3.84,4.14,3.98
20231229,5.6,5.59,5.4,5.26,4.79,4.23,4.01,3.84,3.88,3.88,4.2,4.03
20240102,5.55,5.54,5.46,5.24,4.8,4.33,4.09,3.93,3.95,3.95,4.25,4.08
20240103,5.54,5.54,5.48,5.25,4.81,4.33,4.07,3.9,3.92,3.91,4.21,4.05
20240104,5.56,5.48,5.48,5.25,4.85,4.38,4.14,3.97,3.99,3.99,4.3,4.13
20240105,5.54,5.48,5.47,5.24,4.84,4.4,4.17,4.02,4.04,4.05,4.37,4.21
20240108,5.54,5.48,5.49,5.24,4.82,4.36,4.11,3.97,3.99,4.01,4.33,4.17
20240109,5.53,5.46,5.47,5.24,4.82,4.36,4.09,3.97,4,4.02,4.33,4.18
20240110,5.53,5.46,5.46,5.23,4.82,4.37,4.1,3.99,4.01,4.04,4.35,4.2
20240111,5.54,5.47,5.46,5.22,4.75,4.26,4.02,3.9,3.95,3.98,4.32,4.18
20240112,5.55,5.47,5.45,5.16,4.65,4.14,3.92,3.84,3.91,3.96,4.32,4.2
20240116,5.54,5.47,5.45,5.18,4.7,4.22,4.02,3.95,4.01,4.07,4.43,4.3
20240117,5.54,5.47,5.47,5.2,4.8,4.34,4.12,4.02,4.07,4.1,4.42,4.31
20240118,5.53,5.48,5.45,5.2,4.8,4.34,4.13,4.04,4.1,4.14,4.48,4.37
20240119,5.54,5.47,5.45,5.21,4.84,4.39,4.18,4.08,4.12,4.15,4.47,4.36
20240122,5.53,5.47,5.46,5.22,4.83,4.37,4.14,4.03,4.07,4.11,4.44,4.32
20240123,5.53,5.46,5.45,5.21,4.81,4.31,4.16,4.06,4.11,4.14,4.48,4.38
20240124,5.52,5.44,5.44,5.22,4.83,4.34,4.19,4.06,4.14,4.18,4.52,4.41
20240125,5.54,5.48,5.44,5.19,4.76,4.28,4.12,4.01,4.07,4.14,4.49,4.38
20240126,5.54,5.45,5.44,5.19,4.78,4.34,4.15,4.04,4.1,4.15,4.49,4.38
20240129,5.53,5.46,5.42,5.19,4.76,4.29,4.1,3.97,4.02,4.08,4.42,4.31
20240130,5.53,5.47,5.42,5.19,4.8,4.36,4.14,4,4.03,4.06,4.4,4.28
20240131,5.53,5.46,5.42,5.18,4.73,4.27,4.05,3.91,3.95,3.99,4.34,4.22
20240201,5.49,5.51,5.42,5.15,4.68,4.2,3.96,3.8,3.83,3.87,4.21,4.1
20240202,5.49,5.51,5.43,5.22,4.81,4.36,4.14,3.99,4.02,4.03,4.33,4.22
20240205,5.49,5.5,5.42,5.25,4.87,4.46,4.27,4.13,4.16,4.17,4.46,4.35
20240206,5.48,5.5,5.44,5.23,4.82,4.39,4.14,4.03,4.07,4.09,4.39,4.29
20240207,5.47,5.49,5.43,5.23,4.83,4.41,4.16,4.06,4.09,4.09,4.41,4.31
20240208,5.49,5.51,5.44,5.24,4.83,4.46,4.22,4.12,4.15,4.15,4.47,4.36
20240209,5.49,5.51,5.44,5.26,4.86,4.48,4.25,4.14,4.17,4.17,4.48,4.37
20240212,5.49,5.51,5.43,5.27,4.87,4.46,4.25,4.13,4.16,4.17,4.48,4.37
20240213,5.48,5.52,5.45,5.32,4.99,4.64,4.44,4.31,4.33,4.31,4.59,4.46
20240214,5.48,5.51,5.43,5.31,4.94,4.56,4.38,4.25,4.27,4.27,4.57,4.45
20240215,5.49,5.51,5.43,5.3,4.93,4.56,4.36,4.22,4.25,4.24,4.54,4.42
20240216,5.48,5.51,5.44,5.31,4.98,4.64,4.43,4.29,4.31,4.3,4.58,4.45
20240220,5.49,5.49,5.44,5.32,4.97,4.59,4.38,4.25,4.28,4.27,4.56,4.44
20240221,5.5,5.5,5.44,5.32,4.98,4.64,4.43,4.3,4.33,4.32,4.59,4.49
20240222,5.49,5.51,5.45,5.32,5.02,4.69,4.49,4.33,4.35,4.33,4.58,4.47
20240223,5.49,5.51,5.46,5.32,5,4.67,4.45,4.28,4.28,4.26,4.51,4.37
20240226,5.5,5.52,5.47,5.34,5.03,4.69,4.48,4.29,4.32,4.28,4.53,4.4
20240227,5.5,5.52,5.45,5.33,5.03,4.7,4.5,4.32,4.34,4.31,4.57,4.44
20240228,5.5,5.51,5.45,5.31,5,4.64,4.44,4.26,4.28,4.27,4.53,4.4
20240229,5.53,5.5,5.45,5.3,5.01,4.64,4.43,4.26,4.28,4.25,4.51,4.38
20240301,5.54,5.49,5.42,5.27,4.94,4.54,4.32,4.17,4.2,4.19,4.46,4.33
20240304,5.51,5.49,5.48,5.37,4.98,4.61,4.39,4.21,4.23,4.22,4.48,4.36
20240305,5.5,5.47,5.47,5.35,4.94,4.54,4.32,4.13,4.15,4.13,4.39,4.27
20240306,5.5,5.47,5.47,5.35,4.95,4.55,4.32,4.12,4.12,4.11,4.36,4.24
20240307,5.51,5.48,5.47,5.34,4.93,4.5,4.28,4.07,4.09,4.09,4.35,4.25
20240308,5.51,5.48,5.46,5.34,4.92,4.48,4.25,4.06,4.08,4.09,4.36,4.26
20240311,5.5,5.47,5.48,5.35,4.95,4.51,4.26,4.08,4.09,4.1,4.36,4.26
20240312,5.52,5.48,5.48,5.37,5,4.58,4.33,4.15,4.16,4.16,4.42,4.31
20240313,5.52,5.47,5.48,5.37,5.01,4.61,4.37,4.19,4.2,4.19,4.45,4.35
20240314,5.52,5.48,5.48,5.38,5.04,4.68,4.46,4.29,4.3,4.29,4.54,4.44
20240315,5.52,5.48,5.48,5.38,5.05,4.72,4.51,4.33,4.33,4.31,4.55,4.43
20240318,5.52,5.48,5.48,5.39,5.06,4.73,4.52,4.36,4.35,4.34,4.57,4.46
20240319,5.52,5.48,5.48,5.39,5.06,4.68,4.47,4.31,4.31,4.3,4.54,4.44
20240320,5.5,5.47,5.47,5.36,5.01,4.59,4.41,4.25,4.28,4.27,4.53,4.45
20240321,5.51,5.48,5.48,5.36,5.01,4.62,4.42,4.26,4.28,4.27,4.53,4.44
20240322,5.51,5.47,5.46,5.34,4.98,4.59,4.36,4.2,4.22,4.22,4.47,4.39
20240325,5.51,5.48,5.46,5.36,5,4.54,4.39,4.23,4.25,4.25,4.51,4.42
20240326,5.5,5.47,5.46,5.36,5,4.56,4.38,4.22,4.23,4.24,4.49,4.4
20240327,5.5,5.47,5.45,5.36,4.99,4.54,4.36,4.18,4.18,4.2,4.45,4.36
20240328,5.49,5.48,5.46,5.38,5.03,4.59,4.4,4.21,4.2,4.2,4.45,4.34
