ts_code,trade_date,close,open,high,low,pre_close,pct_change,vol,amount,vwap
XOM,20231229,99.98,100.37,100.59,99.62,100.19,-0.21,17715430,1771073470.24,99.97
XOM,20231228,100.19,101.39,101.61,100.13,101.66,-1.45,16277829,1640245205.88,100.77
XOM,20231227,101.66,102.04,102.55,101.34,102.14,-0.47,14535723,1480706134.12,101.87
XOM,20231226,102.14,102.74,103.03,102.12,101.91,0.23,16796465,1722196984.78,102.53
XOM,20231222,101.91,102.31,102.94,101.82,101.73,0.18,12894004,1319122368.62,102.31
XOM,20231221,101.73,101.47,102.01,100.81,101.27,0.45,18827090,1910000937.93,101.45
XOM,20231220,101.27,103.5,103.94,101.13,102.99,-1.67,20847922,2133930752.15,102.36
XOM,20231219,102.99,102.0,103.19,101.79,101.65,1.32,18873411,1939528157.49,102.77
XOM,20231218,101.65,102.13,103.11,101.52,100.9,0.74,21204860,2171089277.9,102.39
XOM,20231215,100.9,100.59,101.0,100.31,101.58,-0.67,44958614,4528384910.95,100.72
XOM,20231214,101.58,99.85,102.14,99.72,98.92,2.69,26106899,2644028410.02,101.28
XOM,20231213,98.92,98.04,99.03,97.65,98.05,0.89,19560223,1923440934.35,98.33
XOM,20231212,98.05,98.68,98.68,97.48,99.62,-1.58,24584239,2410845973.09,98.06
XOM,20231211,99.62,99.8,99.86,98.58,99.55,0.07,22219278,2207500667.26,99.35
XOM,20231208,99.55,99.02,99.79,98.75,98.42,1.15,22003844,2186196211.37,99.36
XOM,20231207,98.42,99.86,100.84,98.09,99.11,-0.7,29880176,2957435299.62,98.98
XOM,20231206,99.11,100.0,100.72,98.34,100.44,-1.32,31118872,3089294992.28,99.27
XOM,20231205,100.44,102.27,102.34,100.29,102.43,-1.94,22198766,2242634996.89,101.03
XOM,20231204,102.43,102.13,103.36,101.59,102.99,-0.54,21515637,2206605002.57,102.56
XOM,20231201,102.99,102.5,104.22,102.22,102.74,0.24,17822586,1841176683.02,103.31
XOM,20231130,102.74,103.11,104.48,101.81,102.34,0.39,28343829,2916033251.64,102.88
XOM,20231129,102.34,104.27,104.58,101.64,103.9,-1.5,26779387,2756584403.74,102.94
XOM,20231128,103.9,104.24,104.91,103.88,103.96,-0.06,20607938,2149123543.86,104.29
XOM,20231127,103.96,104.1,104.4,103.18,104.57,-0.58,17990571,1866010988.94,103.72
XOM,20231124,104.57,104.02,105.47,103.91,104.01,0.54,9479379,994098683.98,104.87
XOM,20231122,104.01,102.58,104.12,101.94,104.46,-0.43,18066731,1870418127.65,103.53
XOM,20231121,104.46,104.21,104.7,103.22,104.5,-0.04,14928000,1556188915.68,104.25
XOM,20231120,104.5,105.38,105.88,104.43,104.96,-0.44,17392274,1826044414.13,104.99
XOM,20231117,104.96,103.06,105.43,102.75,102.46,2.44,22963188,2399671516.55,104.5
XOM,20231116,102.46,102.9,103.27,101.15,103.66,-1.16,22359528,2286217242.54,102.25
XOM,20231115,103.66,103.96,105.15,103.5,104.29,-0.6,20095708,2093159098.38,104.16
XOM,20231114,104.29,104.3,104.82,103.87,104.84,-0.52,18214625,1899313628.71,104.27
XOM,20231113,104.84,104.05,105.14,103.81,103.75,1.05,15268465,1598727379.53,104.71
XOM,20231110,103.75,103.93,104.41,102.91,102.96,0.77,17665391,1829134646.47,103.54
XOM,20231109,102.96,103.67,103.97,102.86,102.93,0.03,18350282,1896377046.29,103.34
XOM,20231108,102.93,103.73,104.9,102.89,104.21,-1.23,18527399,1916607735.11,103.45
XOM,20231107,104.21,104.47,104.86,103.29,105.87,-1.57,20233997,2104748663.88,104.02
XOM,20231106,105.87,108.17,108.27,105.77,107.78,-1.77,18747829,1997573868.3,106.55
XOM,20231103,107.78,108.4,108.78,106.54,109.11,-1.22,30097434,3239194197.84,107.62
XOM,20231102,109.11,105.88,109.19,105.5,105.64,3.28,24943930,2698546595.09,108.18
XOM,20231101,105.64,106.53,107.17,105.46,105.85,-0.2,28850454,3062995000.27,106.17
XOM,20231031,105.85,105.58,106.16,104.54,105.88,-0.03,22126348,2338954120.73,105.71
XOM,20231030,105.88,105.74,106.42,105.21,105.55,0.31,19277715,2038256132.99,105.73
XOM,20231027,105.55,108.89,109.86,104.96,107.6,-1.91,23027211,2437133233.33,105.84
XOM,20231026,107.6,107.45,108.34,106.5,108.59,-0.91,18667774,2003821449.17,107.34
XOM,20231025,108.59,108.52,109.5,108.13,108.39,0.18,22028485,2393628397.19,108.66
XOM,20231024,108.39,109.7,109.82,108.12,109.45,-0.97,16761852,1822650430.39,108.74
XOM,20231023,109.45,110.63,110.96,108.68,111.08,-1.47,18115797,1985574683.87,109.6
XOM,20231020,111.08,112.92,113.32,110.79,113.02,-1.72,22344860,2494873111.51,111.65
XOM,20231019,113.02,112.72,113.97,111.33,112.95,0.06,20922122,2362534385.09,112.92
XOM,20231018,112.95,111.82,113.39,111.7,111.39,1.4,23359083,2635142825.05,112.81
XOM,20231017,111.39,109.73,111.8,109.68,109.95,1.31,19692368,2187812435.54,111.1
XOM,20231016,109.95,110.5,110.68,109.13,109.87,0.07,18288321,2008999677.21,109.85
XOM,20231013,109.87,108.03,110.2,107.84,106.47,3.19,30115899,3292559492.47,109.33
XOM,20231012,106.47,107.59,107.84,106.09,106.49,-0.02,31104239,3325799293.15,106.92
XOM,20231011,106.49,106.96,107.17,104.83,110.45,-3.59,57701524,6108017903.63,105.86
XOM,20231010,110.45,111.02,111.45,110.12,110.92,-0.42,13858575,1534970223.57,110.76
XOM,20231009,110.92,110.44,112.07,109.52,107.17,3.5,22317840,2475309574.73,110.91
XOM,20231006,107.17,105.73,108.27,105.11,108.99,-1.67,25334051,2706188647.97,106.82
XOM,20231005,108.99,109.8,110.9,108.7,111.5,-2.25,20081672,2195689853.14,109.34
XOM,20231004,111.5,114.05,114.09,110.5,115.83,-3.74,19502329,2181725545.23,111.87
XOM,20231003,115.83,115.44,116.44,115.03,115.63,0.17,13264512,1534961502.58,115.72
XOM,20231002,115.63,117.53,117.79,114.55,117.58,-1.66,14385235,1660372594.17,115.42
XOM,20230929,117.58,119.1,119.18,116.73,119.47,-1.58,18553637,2180736976.71,117.54
XOM,20230928,119.47,119.98,120.7,118.19,120.2,-0.61,16791950,2004923734.82,119.4
XOM,20230927,120.2,117.89,120.5,117.4,116.41,3.26,23927715,2856021633.49,119.36
XOM,20230926,116.41,115.5,116.73,115.37,116.23,0.15,11768458,1367723245.37,116.22
XOM,20230925,116.23,115.09,116.65,114.83,114.94,1.12,11286594,1309082377.05,115.99
XOM,20230922,114.94,115.71,116.68,114.81,114.76,0.16,13180184,1522223076.57,115.49
XOM,20230921,114.76,116.98,117.37,114.6,116.4,-1.41,14384797,1663891051.32,115.67
XOM,20230920,116.4,116.54,118.02,116.32,117.33,-0.79,11649860,1364593536.25,117.13
XOM,20230919,117.33,118.62,118.84,116.61,117.64,-0.26,12523004,1472052821.89,117.55
XOM,20230918,117.64,117.53,118.24,116.7,116.7,0.81,13716059,1614179889.84,117.69
XOM,20230915,116.7,117.9,118.51,116.5,118.52,-1.54,34185504,4001809795.05,117.06
XOM,20230914,118.52,117.55,118.66,117.33,116.44,1.79,15165399,1794990426.15,118.36
XOM,20230913,116.44,117.41,117.96,115.9,117.49,-0.89,13466450,1570172044.92,116.6
XOM,20230912,117.49,115.34,117.67,115.27,114.16,2.92,20105887,2353289522.74,117.04
XOM,20230911,114.16,116.18,116.68,113.57,115.61,-1.25,14347825,1645253757.97,114.67
XOM,20230908,115.61,114.53,116.05,114.32,113.95,1.46,14273079,1649552728.53,115.57
XOM,20230907,113.95,114.65,115.85,113.7,114.51,-0.49,13231938,1513819714.8,114.41
XOM,20230906,114.51,113.48,114.59,113.23,113.53,0.86,13304977,1517500482.23,114.06
XOM,20230905,113.53,114.1,115.83,113.5,113.52,0.01,18286618,2092395062.12,114.42
XOM,20230901,113.52,112.2,113.82,112.2,111.19,2.1,14773821,1672213489.56,113.19
XOM,20230831,111.19,111.12,111.42,110.62,110.88,0.28,17439297,1937444859.16,111.1
XOM,20230830,110.88,110.44,111.14,109.98,109.81,0.97,11842848,1312251628.21,110.81
XOM,20230829,109.81,109.66,110.02,108.42,109.16,0.6,9665012,1058111112.89,109.48
XOM,20230828,109.16,108.45,110.04,108.44,108.25,0.84,10371825,1133380243.41,109.27
XOM,20230825,108.25,107.43,108.93,106.62,106.35,1.79,13574305,1466159461.36,108.01
XOM,20230824,106.35,106.42,107.77,106.07,107.15,-0.75,10800895,1154459062.52,106.89
XOM,20230823,107.15,107.04,107.3,105.72,108.1,-0.88,11413247,1218801244.61,106.79
XOM,20230822,108.1,109.17,109.72,107.95,108.71,-0.56,10497125,1140600912.07,108.66
XOM,20230821,108.71,110.36,110.98,108.14,110.04,-1.21,11076512,1205968646.58,108.88
XOM,20230818,110.04,107.64,110.2,107.62,108.4,1.51,16001641,1752446916.9,109.52
XOM,20230817,108.4,107.42,110.15,107.42,106.34,1.94,16666071,1816618571.73,109.0
XOM,20230816,106.34,108.28,109.33,106.28,108.16,-1.68,13635426,1465500270.73,107.48
XOM,20230815,108.16,110.75,110.86,107.97,111.92,-3.36,14828161,1612163631.22,108.72
XOM,20230814,111.92,111.68,111.98,110.78,111.83,0.08,12846250,1432457075.75,111.51
XOM,20230811,111.83,110.37,112.07,110.05,110.12,1.55,14020454,1563506350.31,111.52
XOM,20230810,110.12,110.19,111.63,109.44,109.56,0.51,15792540,1745061456.71,110.5
XOM,20230809,109.56,108.71,110.42,108.31,107.73,1.7,19899727,2181997105.66,109.65
XOM,20230808,107.73,106.04,107.75,104.84,107.2,0.49,14043231,1499126143.83,106.75
XOM,20230807,107.2,107.9,108.42,106.51,107.42,-0.2,12350415,1322362639.17,107.07
XOM,20230804,107.42,107.96,109.24,107.33,107.12,0.28,14233153,1541014935.42,108.27
XOM,20230803,107.12,105.89,107.88,105.3,105.29,1.74,16152727,1727122258.11,106.92
XOM,20230802,105.29,106.26,106.38,104.57,106.62,-1.25,13468997,1416717592.85,105.18
XOM,20230731,107.24,105.19,107.86,105.19,104.16,2.96,24162024,2587146545.22,107.07
XOM,20230728,104.16,105.11,105.16,102.32,105.42,-1.2,17533196,1818164372.09,103.7
XOM,20230727,105.42,106.0,106.99,104.74,105.09,0.31,17629399,1864362008.74,105.75
XOM,20230726,105.09,105.11,105.72,104.64,105.68,-0.56,15128606,1589148259.9,105.04
XOM,20230725,105.68,105.06,106.09,104.54,105.52,0.15,14075801,1486194856.17,105.59
XOM,20230724,105.52,104.36,106.16,103.96,103.89,1.57,15010040,1583409269.7,105.49
XOM,20230721,103.89,104.16,104.38,103.26,103.41,0.46,16837809,1747378988.37,103.78
XOM,20230720,103.41,102.54,103.66,102.36,101.62,1.76,15712122,1620545277.78,103.14
XOM,20230719,101.62,101.05,102.4,100.8,100.92,0.69,15501418,1579265864.14,101.88
XOM,20230718,100.92,100.92,102.2,100.34,101.38,-0.45,24527770,2484670459.33,101.3
XOM,20230717,101.38,100.72,101.67,100.22,100.94,0.44,17969930,1815854418.23,101.05
XOM,20230714,100.94,104.05,104.05,100.53,104.54,-3.44,27722852,2816444930.95,101.59
XOM,20230713,104.54,105.97,106.23,103.32,106.49,-1.83,26576606,2778980148.73,104.56
XOM,20230712,106.49,107.0,107.65,106.13,105.97,0.49,13139844,1402331586.52,106.72
XOM,20230711,105.97,105.26,106.16,104.81,104.69,1.22,12547918,1325918418.39,105.67
XOM,20230710,104.69,102.97,104.75,102.75,103.16,1.48,14840872,1547300410.2,104.26
XOM,20230707,103.16,101.92,104.0,101.56,102.92,0.23,21922973,2262367506.3,103.2
XOM,20230706,102.92,105.09,105.72,102.43,106.91,-3.73,17895114,1850879293.39,103.43
XOM,20230705,106.91,107.63,107.92,106.1,107.46,-0.51,12382524,1320866123.62,106.67
XOM,20230703,107.46,107.49,108.46,107.07,107.25,0.2,7395981,797092237.5,107.77
XOM,20230630,107.25,107.32,107.88,106.81,106.7,0.52,13487778,1449194442.09,107.45
XOM,20230629,106.7,105.66,106.73,105.13,105.4,1.23,11021981,1169102626.87,106.07
XOM,20230628,105.4,104.31,105.82,103.2,104.55,0.81,13075766,1373220868.05,105.02
XOM,20230627,104.55,104.05,104.61,103.27,104.29,0.25,13183727,1373224914.56,104.16
XOM,20230626,104.29,102.2,104.91,102.2,102.4,1.85,14211122,1480980814.76,104.21
XOM,20230623,102.4,102.59,102.82,101.62,103.3,-0.87,17907000,1830423277.17,102.22
XOM,20230622,103.3,102.84,103.89,102.65,103.87,-0.55,12419157,1283095140.78,103.32
XOM,20230621,103.87,102.5,104.63,102.33,102.72,1.12,13160649,1367528433.46,103.91
XOM,20230620,102.72,104.68,104.77,102.12,105.13,-2.29,17180168,1767894263.74,102.9
XOM,20230616,105.13,106.36,106.77,104.96,105.89,-0.72,42989106,4534302178.7,105.48
XOM,20230615,105.89,105.5,107.03,105.44,105.16,0.69,16163555,1717764027.71,106.27
XOM,20230614,105.16,107.45,108.11,104.39,106.44,-1.2,16274891,1716646207.88,105.48
XOM,20230613,106.44,107.38,108.34,106.28,106.42,0.02,13448040,1439970399.86,107.08
XOM,20230612,106.42,105.81,107.06,105.56,107.39,-0.9,14100668,1497704002.69,106.22
XOM,20230609,107.39,108.46,108.61,107.16,108.19,-0.74,12242887,1318554155.17,107.7
XOM,20230608,108.19,108.77,109.14,105.9,108.53,-0.31,13502836,1456760213.28,107.89
XOM,20230607,108.53,106.79,108.89,106.73,106.15,2.24,15970836,1731227602.52,108.4
XOM,20230606,106.15,104.15,106.27,103.98,105.29,0.82,12198379,1288821075.07,105.66
XOM,20230605,105.29,107.19,107.03,105.09,105.76,-0.44,10608301,1122781623.09,105.84
XOM,20230602,105.76,105.16,106.13,104.53,103.36,2.32,14062704,1483990886.82,105.53
XOM,20230601,103.36,101.75,105.58,101.26,102.18,1.15,13504907,1393339203.98,103.17
XOM,20230531,102.18,102.29,103.04,101.74,104.04,-1.79,24341274,2488744594.01,102.24
XOM,20230530,104.04,103.29,104.12,102.61,104.97,-0.89,11701704,1212108136.97,103.58
XOM,20230526,104.97,106.47,106.95,104.83,105.66,-0.65,11482133,1210168593.24,105.4
XOM,20230525,105.66,105.94,106.43,104.71,107.59,-1.79,14157047,1495526519.67,105.64
XOM,20230524,107.59,107.38,108.51,106.73,106.4,1.12,16282508,1751434486.02,107.57
XOM,20230523,106.4,105.99,108.22,105.75,104.97,1.36,14348575,1535050873.0,106.98
XOM,20230522,104.97,105.84,107.04,104.88,106.26,-1.21,12346020,1307657104.15,105.92
XOM,20230519,106.26,106.57,107.05,105.82,105.77,0.46,12854512,1367774194.3,106.4
XOM,20230518,105.77,104.55,105.91,104.13,104.82,0.91,11974840,1261278762.62,105.33
XOM,20230517,104.82,103.39,105.23,102.85,102.52,2.24,14031891,1464070808.99,104.34
XOM,20230516,102.52,104.63,104.81,102.02,105.07,-2.43,14766969,1520145900.56,102.94
XOM,20230515,105.07,105.51,105.93,104.58,105.78,-0.67,13715575,1443163773.96,105.22
XOM,20230512,105.78,106.31,107.01,104.78,105.79,-0.01,12613254,1334893465.28,105.83
XOM,20230511,105.79,106.49,106.82,104.93,107.74,-1.81,17165899,1815578944.83,105.77
XOM,20230510,107.74,109.74,110.01,106.71,109.14,-1.28,14884793,1604524272.03,107.8
XOM,20230509,109.14,108.34,110.23,108.21,109.11,0.03,11370770,1243674557.52,109.37
XOM,20230508,109.11,110.5,110.97,109.04,108.68,0.4,11178133,1226256951.27,109.7
XOM,20230505,108.68,108.55,109.43,107.53,106.04,2.49,14936344,1623715019.9,108.71
XOM,20230504,106.04,107.9,108.75,105.91,107.93,-1.75,17074551,1822667511.07,106.75
XOM,20230503,107.93,109.08,109.81,107.76,110.1,-1.97,16010540,1739796536.48,108.67
XOM,20230502,110.1,113.94,113.94,109.29,114.67,-3.99,24239450,2681714583.13,110.63
XOM,20230501,114.67,115.99,117.3,114.45,118.34,-3.1,16597208,1913925463.42,115.32
XOM,20230428,118.34,117.25,119.92,116.83,116.83,1.29,24341079,2892170495.16,118.82
XOM,20230427,116.83,115.62,117.01,114.88,115.45,1.2,16190309,1879565352.43,116.09
XOM,20230426,115.45,116.03,117.09,114.68,116.52,-0.92,15244551,1763689363.3,115.69
XOM,20230425,116.52,117.55,117.74,115.63,118.2,-1.42,12162672,1415955286.79,116.42
XOM,20230424,118.2,115.92,118.89,115.88,116.01,1.89,15831313,1868807343.09,118.05
XOM,20230421,116.01,116.49,116.88,115.26,115.64,0.32,14315329,1662247331.36,116.12
XOM,20230420,115.64,115.13,115.68,113.23,116.57,-0.8,16850489,1933389721.83,114.74
XOM,20230419,116.57,116.08,116.9,115.77,116.94,-0.32,10478434,1219325172.88,116.37
XOM,20230418,116.94,114.39,117.21,114.3,114.7,1.95,17436141,2026975976.21,116.25
XOM,20230417,114.7,115.49,116.51,114.42,116.05,-1.16,13260352,1528038098.23,115.23
XOM,20230414,116.05,115.9,116.66,115.12,115.77,0.24,10953903,1268885883.45,115.84
XOM,20230413,115.77,114.6,115.89,114.13,115.23,0.47,12186125,1404465651.46,115.25
XOM,20230412,115.23,116.16,116.59,114.93,115.35,-0.1,10912586,1260265202.28,115.49
XOM,20230411,115.35,114.96,116.2,114.38,114.54,0.71,11667450,1347064273.0,115.45
XOM,20230410,114.54,114.78,116.18,114.17,115.05,-0.44,12950739,1489616016.04,115.02
XOM,20230406,115.05,116.86,117.18,114.77,116.99,-1.66,15748622,1825181822.1,115.89
XOM,20230405,116.99,115.35,117.0,114.31,115.02,1.71,16432911,1905307292.73,115.94
XOM,20230404,115.02,116.26,116.7,114.17,116.13,-0.96,15351360,1768748391.07,115.22
XOM,20230403,116.13,113.39,116.85,113.12,109.66,5.9,27717172,3208312827.08,115.75
XOM,20230331,109.66,109.68,110.17,109.05,109.49,0.16,14402668,1578476242.39,109.6
XOM,20230330,109.49,109.55,109.57,108.52,108.96,0.49,11222176,1225447030.37,109.2
XOM,20230329,108.96,108.06,109.16,107.49,107.12,1.72,14201629,1541202105.82,108.52
XOM,20230328,107.12,105.44,107.65,105.19,105.8,1.25,11015047,1178737803.55,107.01
XOM,20230327,105.8,104.74,106.48,103.91,103.53,2.19,14738844,1554702050.69,105.48
XOM,20230324,103.53,101.47,103.85,100.91,103.41,0.12,13369028,1372600778.57,102.67
XOM,20230323,103.41,105.36,106.34,102.44,104.59,-1.13,14357700,1498098211.47,104.34
XOM,20230322,104.59,106.8,107.18,104.56,107.04,-2.29,14655583,1554988133.02,106.1
XOM,20230321,107.04,104.17,107.28,104.13,102.45,4.48,31263469,3330519549.63,106.53
XOM,20230320,102.45,99.63,102.48,99.5,99.84,2.61,32042106,3258223978.08,101.69
XOM,20230317,99.84,100.6,101.61,99.14,101.03,-1.18,43199469,4321307683.27,100.03
XOM,20230316,101.03,99.11,101.68,98.02,101.62,-0.58,27234090,2729917947.51,100.24
XOM,20230315,101.62,102.82,104.2,100.22,106.94,-4.97,24977090,2540912122.34,101.73
XOM,20230314,106.94,106.35,109.01,104.96,106.54,0.38,18125590,1943139375.48,107.2
XOM,20230313,106.54,105.34,107.86,103.72,107.78,-1.15,20607297,2191913898.05,106.37
XOM,20230310,107.78,109.56,111.04,107.15,109.13,-1.24,15764469,1715185419.97,108.8
XOM,20230309,109.13,110.87,112.23,109.03,109.98,-0.77,12885266,1421905982.8,110.35
XOM,20230308,109.98,111.23,112.42,109.07,111.61,-1.46,13472040,1485888008.89,110.29
XOM,20230307,111.61,112.81,113.17,111.17,113.81,-1.93,11481735,1286428630.47,112.04
XOM,20230306,113.81,111.99,113.84,111.87,112.81,0.89,14104223,1597414819.15,113.26
XOM,20230303,112.81,110.05,113.37,109.95,111.4,1.27,13006715,1460544838.09,112.29
XOM,20230302,111.4,110.62,111.7,110.17,110.89,0.46,10343086,1149243040.25,111.11
XOM,20230301,110.89,109.31,111.86,109.24,109.91,0.89,13029356,1445491217.23,110.94
XOM,20230228,109.91,111.24,111.36,109.22,110.55,-0.58,18107032,1990451887.73,109.93
XOM,20230227,110.55,110.8,111.26,109.96,110.75,-0.18,11710454,1295877668.59,110.66
XOM,20230224,110.75,109.33,110.96,109.02,110.74,0.01,14329856,1577502341.06,110.09
XOM,20230223,110.74,110.73,111.83,109.9,109.73,0.92,11277196,1250666973.95,110.9
XOM,20230222,109.73,110.48,110.97,108.64,111.17,-1.3,13924180,1529249663.68,109.83
XOM,20230221,111.17,110.81,112.38,110.81,111.28,-0.1,14451071,1610310443.08,111.43
XOM,20230217,111.28,114.19,114.19,110.98,115.73,-3.85,20683489,2313239548.25,111.84
XOM,20230216,115.73,115.31,116.78,114.8,116.07,-0.29,11326235,1313119513.58,115.94
XOM,20230215,116.07,115.72,116.09,114.14,116.42,-0.3,13256290,1530632222.33,115.46
XOM,20230214,116.42,117.01,117.81,116.02,117.8,-1.17,12078993,1410625991.91,116.78
XOM,20230213,117.8,117.72,118.18,115.9,119.17,-1.15,14507340,1702207133.03,117.33
XOM,20230210,119.17,116.51,119.63,116.16,114.35,4.22,24824645,2934821911.9,118.22
XOM,20230209,114.35,114.62,116.24,114.18,113.92,0.38,17301403,1990194401.23,115.03
XOM,20230208,113.92,115.05,115.83,113.85,114.92,-0.87,16162157,1850421517.09,114.49
XOM,20230207,114.92,112.39,115.31,112.02,111.73,2.86,15994223,1823469375.78,114.01
XOM,20230206,111.73,112.36,113.09,110.32,111.92,-0.17,13843922,1544080455.88,111.53
XOM,20230203,111.92,111.9,114.11,111.56,111.15,0.69,20085204,2260162096.21,112.53
XOM,20230202,111.15,114.85,115.07,109.83,114.74,-3.13,24462622,2726741083.43,111.47
XOM,20230201,114.74,115.83,117.38,113.34,116.01,-1.09,19397325,2231964839.52,115.07
XOM,20230131,116.01,112.1,116.4,110.43,113.56,2.16,27730200,3188898128.46,115.0
XOM,20230130,113.56,115.09,115.49,113.15,115.61,-1.77,18505461,2107233498.98,113.87
XOM,20230127,115.61,116.95,117.67,115.39,117.76,-1.83,15105223,1757160532.2,116.33
XOM,20230126,117.76,114.72,117.78,114.34,113.21,4.02,20911321,2434500173.08,116.42
XOM,20230125,113.21,113.23,113.65,111.39,113.81,-0.53,11733442,1321494158.72,112.63
XOM,20230124,113.81,109.16,114.02,99.23,112.76,0.93,13583024,1529891308.98,112.63
XOM,20230123,112.76,113.64,114.59,112.64,113.35,-0.52,16584422,1883919192.03,113.6
XOM,20230120,113.35,111.36,113.44,110.61,111.32,1.82,16364040,1838953341.55,112.38
XOM,20230119,111.32,110.07,112.13,109.58,110.61,0.64,12919129,1433465341.82,110.96
XOM,20230118,110.61,113.26,114.12,110.4,112.93,-2.05,16382614,1832583775.96,111.86
XOM,20230117,112.93,113.41,114.08,112.67,113.15,-0.19,16530426,1871165042.46,113.2
XOM,20230113,113.15,113.11,113.49,112.16,113.22,-0.06,12002516,1355950638.06,112.97
XOM,20230112,113.22,111.82,113.74,111.74,111.37,1.66,15345106,1734900804.74,113.06
XOM,20230111,111.37,110.99,111.45,109.09,110.09,1.16,16692653,1847332673.54,110.67
XOM,20230110,110.09,109.79,110.33,108.01,108.47,1.49,15072465,1649009062.31,109.41
XOM,20230109,108.47,111.64,111.64,107.81,110.53,-1.86,17939387,1962836414.06,109.41
XOM,20230106,110.53,110.08,111.99,109.67,109.21,1.21,16334493,1810881096.76,110.86
XOM,20230105,109.21,106.34,109.95,106.31,106.82,2.24,15919290,1729755188.15,108.66
XOM,20230104,106.82,104.8,107.16,104.76,106.51,0.29,18009958,1914055292.44,106.28
XOM,20230103,106.51,109.78,110.02,105.49,110.3,-3.44,14943391,1603399105.63,107.3
XOM,20221230,110.3,108.61,110.5,108.61,109.2,1.01,11776551,1293409175.09,109.83
XOM,20221229,109.2,107.99,109.72,107.99,108.38,0.76,10448180,1140195360.43,109.13
XOM,20221228,108.38,109.91,110.0,107.9,110.19,-1.64,10553297,1146381541.39,108.63
XOM,20221227,110.19,109.27,110.47,108.83,108.68,1.39,11696059,1284878748.69,109.86
XOM,20221223,108.68,106.95,108.74,106.9,105.88,2.64,11508383,1245241680.83,108.2
XOM,20221222,105.88,107.89,108.19,104.1,108.06,-2.02,13178516,1393629516.64,105.75
XOM,20221221,108.06,108.29,108.59,107.16,106.69,1.28,13544657,1463635635.42,108.06
XOM,20221220,106.69,105.17,107.51,105.07,105.17,1.45,14665665,1565099236.87,106.72
XOM,20221219,105.17,105.26,106.2,104.38,104.7,0.45,13370399,1406955053.41,105.23
XOM,20221216,104.7,103.69,105.58,103.13,105.44,-0.7,54340598,5683265782.43,104.59
XOM,20221215,105.44,105.33,106.17,103.7,106.46,-0.96,15320415,1609389832.41,105.05
XOM,20221214,106.46,107.99,108.3,105.75,107.25,-0.74,16946618,1811056425.88,106.87
XOM,20221213,107.25,107.8,108.54,107.02,106.09,1.09,23722540,2552671270.69,107.61
XOM,20221212,106.09,103.83,106.24,103.59,103.54,2.46,19463493,2051537996.2,105.4
XOM,20221209,103.54,104.59,105.95,103.3,104.42,-0.84,20835797,2169756764.75,104.14
XOM,20221208,104.42,106.28,106.8,103.71,103.65,0.74,20988387,2202685041.2,104.95
XOM,20221207,103.65,103.78,104.85,102.37,103.88,-0.22,19658145,2037321002.44,103.64
XOM,20221206,103.88,105.9,107.04,103.15,106.85,-2.78,21405137,2241012958.73,104.7
XOM,20221205,106.85,110.7,111.36,105.94,109.86,-2.74,19116739,2058517218.95,107.68
XOM,20221202,109.86,109.51,111.71,109.2,110.8,-0.85,15153024,1670558768.6,110.25
XOM,20221201,110.8,111.64,112.07,110.18,111.34,-0.48,14136583,1569027970.49,110.99
XOM,20221130,111.34,111.54,111.9,109.78,110.54,0.72,21712524,2412250777.26,111.1
XOM,20221129,110.54,110.61,111.8,109.79,109.81,0.66,14431360,1596382756.15,110.62
XOM,20221128,109.81,110.66,111.46,109.62,113.21,-3.0,22842477,2520575967.04,110.35
XOM,20221125,113.21,113.88,114.61,113.06,113.61,-0.35,7136012,812616220.9,113.88
XOM,20221123,113.61,112.32,113.95,112.1,114.18,-0.5,11527040,1304873607.74,113.2
XOM,20221122,114.18,112.21,114.47,111.43,110.97,2.89,17686825,2003415143.54,113.27
XOM,20221121,110.97,109.99,111.2,107.48,112.08,-0.99,20938891,2295126709.12,109.61
XOM,20221118,112.08,110.9,112.48,109.61,113.06,-0.87,15388012,1714529219.44,111.42
XOM,20221117,113.06,111.29,113.2,110.75,112.91,0.13,12216969,1369759356.27,112.12
XOM,20221116,112.91,113.44,114.26,111.86,114.13,-1.07,13581176,1536176459.99,113.11
XOM,20221115,114.13,113.8,114.53,112.87,113.37,0.67,19352208,2200295927.38,113.7
XOM,20221114,113.37,112.63,114.64,112.49,113.95,-0.51,20828559,2372591778.26,113.91
XOM,20221111,113.95,112.58,114.5,112.49,110.5,3.12,20339708,2314146209.76,113.77
XOM,20221110,110.5,110.19,110.7,107.57,108.9,1.47,19986813,2197420175.07,109.94
XOM,20221109,108.9,113.1,113.28,108.57,114.0,-4.47,19474520,2147529518.32,110.27
XOM,20221108,114.0,113.48,114.66,112.6,113.64,0.32,14542454,1653143997.6,113.68
XOM,20221107,113.64,112.41,113.99,112.13,112.31,1.18,15922954,1807772934.23,113.53
XOM,20221104,112.31,113.0,113.5,110.8,111.1,1.09,17472754,1962253350.84,112.3
XOM,20221103,111.1,108.58,111.82,108.31,109.61,1.36,17056016,1888580415.81,110.73
XOM,20221102,109.61,111.58,112.1,109.31,111.91,-2.06,20607286,2280167551.77,110.65
XOM,20221101,111.91,112.37,112.57,110.65,110.81,0.99,21954809,2451017532.46,111.64
XOM,20221031,110.81,109.5,112.91,109.44,110.7,0.1,26252758,2920593074.74,111.25
XOM,20221028,110.7,109.46,111.21,108.12,107.55,2.93,28169442,3101168235.89,110.09
XOM,20221027,107.55,108.41,109.58,107.42,107.14,0.38,17783403,1925908756.43,108.3
XOM,20221026,107.14,106.26,107.83,106.0,105.88,1.19,17043196,1826432565.45,107.16
XOM,20221025,105.88,106.41,107.33,105.07,106.6,-0.68,15440942,1637959686.42,106.08
XOM,20221024,106.6,105.66,107.68,105.12,105.86,0.7,16695875,1779317799.26,106.57
XOM,20221021,105.86,104.45,106.4,103.91,103.93,1.86,22702051,2395767873.88,105.53
XOM,20221020,103.93,104.32,105.0,103.41,103.79,0.13,17598000,1834676146.38,104.25
XOM,20221019,103.79,101.25,103.99,101.23,100.8,2.97,20852344,2155271376.32,103.36
XOM,20221018,100.8,101.54,102.35,99.23,100.62,0.18,14014743,1411370250.18,100.71
XOM,20221017,100.62,101.07,101.97,100.5,99.19,1.44,14128215,1427726766.83,101.06
XOM,20221014,99.19,101.12,102.24,99.04,101.87,-2.63,15209852,1520163867.99,99.95
XOM,20221013,101.87,97.55,102.45,97.4,98.43,3.49,21908950,2212118418.95,100.97
XOM,20221012,98.43,97.5,98.91,97.23,98.0,0.44,12602778,1238286015.4,98.26
XOM,20221011,98.0,97.22,99.76,96.75,98.84,-0.85,17749008,1743469010.74,98.23
XOM,20221010,98.84,101.49,102.03,98.72,101.03,-2.17,16635633,1657334852.46,99.63
XOM,20221007,101.03,102.19,103.32,100.18,102.06,-1.01,24370723,2485628772.21,101.99
XOM,20221006,102.06,98.47,102.18,98.33,99.12,2.97,28856586,2918431024.72,101.14
XOM,20221005,99.12,95.75,99.99,95.66,95.27,4.04,34419633,3394794394.0,98.63
XOM,20221004,95.27,93.24,95.36,92.71,91.92,3.64,21912450,2067194391.45,94.34
XOM,20221003,91.92,90.04,92.36,89.72,87.31,5.28,23703208,2163740207.61,91.28
XOM,20220930,87.31,88.17,89.04,87.31,88.68,-1.54,21150926,1859318618.61,87.91
XOM,20220929,88.68,88.18,89.36,87.13,88.86,-0.2,17582590,1555347190.44,88.46
XOM,20220928,88.86,86.12,89.3,85.92,85.74,3.64,19249844,1692642767.64,87.93
XOM,20220927,85.74,85.61,86.96,84.81,83.98,2.1,16886645,1448995826.16,85.81
XOM,20220926,83.98,84.9,86.22,83.89,85.75,-2.06,21745477,1841928775.08,84.7
XOM,20220923,85.75,87.5,87.5,84.85,90.57,-5.32,27552461,2361020060.18,85.69
XOM,20220922,90.57,92.2,92.66,90.52,90.95,-0.42,15583442,1422152693.06,91.26
XOM,20220921,90.95,93.57,93.88,90.87,92.44,-1.61,16616020,1532423959.4,92.23
XOM,20220920,92.44,92.73,92.93,91.64,93.2,-0.82,14641934,1350620339.83,92.24
XOM,20220919,93.2,91.01,93.49,91.0,93.21,-0.01,15247727,1415984681.18,92.87
XOM,20220916,93.21,95.07,95.34,92.0,94.83,-1.71,36121262,3373090172.71,93.38
XOM,20220915,94.83,96.22,96.54,94.05,97.67,-2.91,21008368,1995765485.26,95.0
XOM,20220914,97.67,96.19,98.56,96.15,95.33,2.45,22364196,2186431193.83,97.76
XOM,20220913,95.33,96.61,97.78,94.91,97.61,-2.34,18104250,1741319412.16,96.18
XOM,20220912,97.61,97.65,99.19,96.88,96.5,1.15,15547516,1521694393.74,97.87
XOM,20220909,96.5,96.52,97.0,95.32,94.91,1.68,16836032,1619321563.06,96.18
XOM,20220908,94.91,94.66,95.42,93.72,94.14,0.82,18459598,1747167612.67,94.65
XOM,20220907,94.14,93.19,94.59,92.3,94.95,-0.85,16247125,1523639249.1,93.78
XOM,20220906,94.95,96.16,96.59,94.51,95.59,-0.67,18959438,1806068442.19,95.26
XOM,20220902,95.59,96.35,96.79,95.11,93.87,1.83,18009942,1728217951.44,95.96
XOM,20220901,93.87,94.42,95.07,92.29,95.59,-1.8,16330200,1530120258.07,93.7
XOM,20220831,95.59,94.03,96.84,93.59,96.31,-0.75,17061856,1630751671.07,95.58
XOM,20220830,96.31,98.36,98.62,95.82,100.12,-3.81,16923540,1634423114.84,96.58
XOM,20220829,100.12,98.18,101.56,98.14,97.87,2.3,22992833,2313536787.11,100.62
XOM,20220826,97.87,98.77,99.91,97.42,99.09,-1.23,15451575,1521028335.93,98.44
XOM,20220825,99.09,98.92,99.86,98.1,98.58,0.52,15242403,1507185636.25,98.88
XOM,20220824,98.58,98.01,98.96,97.36,98.0,0.59,16917301,1661486973.33,98.21
XOM,20220823,98.0,95.55,98.41,95.45,94.01,4.24,23699895,2315757053.97,97.71
XOM,20220822,94.01,93.42,94.49,91.86,94.08,-0.07,15958282,1491232736.54,93.45
XOM,20220819,94.08,94.16,95.2,93.8,94.38,-0.32,16033954,1514849508.46,94.48
XOM,20220818,94.38,93.15,95.31,93.09,92.2,2.36,17747477,1675826706.21,94.43
XOM,20220817,92.2,91.27,93.21,90.92,91.46,0.81,13463813,1240733438.69,92.15
XOM,20220816,91.46,92.03,92.89,91.29,92.32,-0.93,13931622,1280102977.64,91.88
XOM,20220815,92.32,90.53,92.73,89.66,94.0,-1.79,20720129,1895290795.44,91.47
XOM,20220812,94.0,92.48,94.02,92.11,93.19,0.87,14857473,1385246939.96,93.24
XOM,20220811,93.19,91.84,94.3,91.44,91.45,1.9,18742348,1742507861.84,92.97
XOM,20220810,91.45,90.68,91.79,89.18,90.59,0.95,18185375,1653999773.15,90.95
XOM,20220809,90.59,90.05,91.61,89.95,88.95,1.84,19062536,1731814353.69,90.85
XOM,20220808,88.95,88.61,89.6,88.22,88.45,0.57,14400016,1282380364.07,89.05
XOM,20220805,88.45,86.36,89.69,86.28,87.19,1.45,17384372,1542417905.54,88.72
XOM,20220804,87.19,90.31,90.34,86.43,91.02,-4.21,31663204,2796402132.35,88.32
XOM,20220803,91.02,94.42,94.42,90.79,94.07,-3.24,23494633,2163564389.35,92.09
XOM,20220802,94.07,94.69,95.2,93.82,94.48,-0.43,16588016,1567457914.98,94.49
XOM,20220801,94.48,94.79,95.35,93.23,96.93,-2.53,20744227,1957892170.78,94.38
XOM,20220729,96.93,94.45,97.52,94.1,92.64,4.63,29757649,2870300905.45,96.46
XOM,20220728,92.64,92.18,93.25,91.01,91.57,1.17,20001950,1848602161.14,92.42
XOM,20220727,91.57,90.28,92.0,89.4,89.63,2.16,17867973,1624243362.03,90.9
XOM,20220726,89.63,91.13,91.28,89.0,89.98,-0.39,14977028,1345452279.23,89.83
XOM,20220725,89.98,88.16,90.13,87.42,87.08,3.33,17459313,1559198762.05,89.3
XOM,20220722,87.08,87.55,88.47,86.63,87.75,-0.76,15449122,1350999517.19,87.45
XOM,20220721,87.75,86.93,87.8,85.21,89.24,-1.67,21329063,1853474309.62,86.9
XOM,20220720,89.24,87.58,89.65,87.25,88.27,1.1,16562852,1470150246.06,88.76
XOM,20220719,88.27,86.41,88.52,86.25,86.1,2.52,18160700,1596133117.38,87.89
XOM,20220718,86.1,86.58,87.94,85.75,84.54,1.85,19259461,1672639948.87,86.85
XOM,20220715,84.54,84.8,84.88,82.9,83.14,1.68,17163575,1444004124.05,84.13
XOM,20220714,83.14,81.85,83.31,80.69,84.84,-2.0,26201770,2148812214.64,82.01
XOM,20220713,84.84,83.38,86.31,83.3,84.5,0.4,19803379,1679774135.17,84.82
XOM,20220712,84.5,83.78,85.05,82.86,85.64,-1.33,20951637,1763587178.41,84.17
XOM,20220711,85.64,85.17,86.12,84.36,86.08,-0.51,15525051,1323842725.17,85.27
XOM,20220708,86.08,86.95,87.3,84.93,85.94,0.16,17494196,1504910342.65,86.02
XOM,20220707,85.94,85.38,86.76,85.3,83.28,3.19,23688219,2041010302.05,86.16
XOM,20220706,83.28,83.76,85.23,81.01,84.81,-1.8,33325454,2750712766.12,82.54
XOM,20220705,84.81,86.34,86.7,83.01,87.55,-3.13,34494270,2908105005.96,84.31
XOM,20220701,87.55,86.74,87.88,84.71,85.64,2.23,26110067,2258870618.18,86.51
XOM,20220630,85.64,86.14,87.6,84.67,88.12,-2.81,39522551,3390620126.15,85.79
XOM,20220629,88.12,92.98,93.2,87.76,91.5,-3.69,25178981,2257801870.06,89.67
XOM,20220628,91.5,91.12,93.24,90.35,89.03,2.77,31894622,2918220702.34,91.5
XOM,20220627,89.03,87.81,90.04,87.67,86.9,2.45,25307020,2252532145.72,89.01
XOM,20220624,86.9,86.95,88.4,85.81,85.21,1.98,26553989,2315704287.21,87.21
XOM,20220623,85.21,88.66,89.05,83.52,87.86,-3.02,35567329,3039281898.58,85.45
XOM,20220622,87.86,87.54,89.76,87.53,91.48,-3.96,29665946,2628117844.52,88.59
XOM,20220621,91.48,88.58,92.53,88.52,86.12,6.22,35798075,3268439208.67,91.3
XOM,20220617,86.12,90.96,91.35,85.65,91.39,-5.77,63850583,5580930315.06,87.41
XOM,20220616,91.39,92.41,93.13,90.28,94.89,-3.69,35608477,3263855233.19,91.66
XOM,20220615,94.89,95.99,96.57,93.27,96.1,-1.26,29549247,2811433497.47,95.14
XOM,20220614,96.1,97.41,98.67,95.27,95.85,0.26,31191497,3021829079.02,96.88
XOM,20220613,95.85,97.52,97.77,93.92,100.46,-4.59,33210860,3183164851.98,95.85
XOM,20220610,100.46,101.94,103.35,99.79,102.33,-1.83,30764129,3110219909.0,101.1
XOM,20220609,102.33,103.42,104.57,102.16,104.59,-2.16,26417286,2734730655.36,103.52
XOM,20220608,104.59,103.49,105.57,102.98,103.37,1.18,31442508,3290301564.09,104.65
XOM,20220607,103.37,99.7,103.43,99.49,98.84,4.58,36994383,3779660989.48,102.17
XOM,20220606,98.84,99.18,99.78,98.67,99.09,-0.25,17405114,1726120903.96,99.17
XOM,20220603,99.09,97.9,99.66,97.9,97.67,1.45,20926129,2072318698.24,99.03
XOM,20220602,97.67,97.29,98.1,96.79,97.84,-0.17,18961375,1847882582.99,97.46
XOM,20220601,97.84,97.02,98.71,96.62,96.0,1.92,25698497,2513143293.73,97.79
XOM,20220531,96.0,98.56,99.77,95.71,97.59,-1.63,43961356,4292729566.53,97.65
XOM,20220527,97.59,95.95,97.93,95.3,96.64,0.98,25523379,2483243382.05,97.29
XOM,20220526,96.64,96.6,97.43,96.2,96.3,0.35,24280426,2351729099.68,96.86
XOM,20220525,96.3,94.58,96.53,94.47,94.4,2.01,29911606,2868825002.97,95.91
XOM,20220524,94.4,92.82,94.79,92.32,93.89,0.54,24190653,2266719872.98,93.7
XOM,20220523,93.89,92.66,94.77,92.55,91.86,2.21,27178856,2553265987.09,93.94
XOM,20220520,91.86,91.93,93.59,90.4,91.14,0.79,28733297,2637644860.09,91.8
XOM,20220519,91.14,89.0,92.3,89.0,90.65,0.54,24231415,2201535493.03,90.85
XOM,20220518,90.65,92.51,92.92,89.83,92.11,-1.59,25336961,2311478486.25,91.23
XOM,20220517,92.11,91.73,92.45,91.12,90.95,1.28,22991520,2112711465.17,91.89
XOM,20220516,90.95,88.98,91.98,88.97,88.86,2.35,26028129,2369002191.16,91.02
XOM,20220513,88.86,87.36,88.95,86.35,86.3,2.97,25629793,2261659896.21,88.24
XOM,20220512,86.3,85.95,86.38,83.4,86.79,-0.56,29478340,2511015173.33,85.18
XOM,20220511,86.79,86.43,88.94,86.28,85.02,2.08,32826008,2874711521.1,87.57
XOM,20220510,85.02,85.64,86.89,83.52,84.46,0.66,34426590,2929000713.12,85.08
XOM,20220509,84.46,89.44,89.56,84.02,91.69,-7.89,45576754,3916406004.7,85.93
XOM,20220506,91.69,90.98,91.82,89.35,90.31,1.53,29577922,2686911586.01,90.84
XOM,20220505,90.31,92.04,92.05,88.39,91.7,-1.52,40945141,3699487458.45,90.35
XOM,20220504,91.7,89.5,91.88,88.91,88.19,3.98,46087067,4162980194.13,90.33
XOM,20220503,88.19,86.26,88.78,86.12,86.41,2.06,33695895,2965525175.11,88.01
XOM,20220502,86.41,85.01,87.04,84.63,85.25,1.36,34632473,2973066446.08,85.85
XOM,20220429,85.25,88.14,88.14,84.7,87.2,-2.24,33553540,2883235492.97,85.93
XOM,20220428,87.2,84.88,88.13,84.07,84.64,3.02,33540680,2895952857.0,86.34
XOM,20220427,84.64,83.39,85.48,82.28,82.29,2.86,32333461,2725471591.69,84.29
XOM,20220426,82.29,82.73,84.72,82.18,82.26,0.04,28862641,2401642953.44,83.21
XOM,20220425,82.26,82.37,82.65,79.29,85.13,-3.37,37372536,3029892137.76,81.07
XOM,20220422,85.13,86.66,88.12,85.0,87.03,-2.18,23591606,2031772711.69,86.12
XOM,20220421,87.03,88.95,89.8,86.79,87.96,-1.06,28308317,2495146015.35,88.14
XOM,20220420,87.96,87.97,88.5,87.3,87.76,0.23,20615938,1813474945.7,87.96
XOM,20220419,87.76,88.01,88.66,87.27,88.55,-0.89,19913727,1751482127.09,87.95
XOM,20220418,88.55,88.5,88.89,87.75,87.83,0.82,18905297,1671188629.3,88.4
XOM,20220414,87.83,86.67,88.46,86.23,86.81,1.17,24566442,2153184768.55,87.65
XOM,20220413,86.81,86.61,87.11,85.19,85.6,1.41,19252840,1663125932.88,86.38
XOM,20220412,85.6,85.71,86.82,85.38,83.85,2.09,22444176,1932061845.5,86.08
XOM,20220411,83.85,85.78,85.93,83.5,86.84,-3.44,21563887,1817969348.64,84.31
XOM,20220408,86.84,85.17,87.21,85.17,85.05,2.1,24746258,2146742806.01,86.75
XOM,20220407,85.05,83.83,85.44,82.71,83.65,1.67,25976090,2184038397.96,84.08
XOM,20220406,83.65,83.42,84.7,82.94,82.73,1.11,24713848,2073133471.69,83.89
XOM,20220405,82.73,83.5,85.07,82.55,83.16,-0.52,21700708,1813011777.51,83.55
XOM,20220404,83.16,83.56,83.66,82.05,83.12,0.05,20845149,1724400463.65,82.72
XOM,20220401,83.12,81.99,84.14,81.99,82.59,0.64,18649887,1549537088.63,83.09
XOM,20220331,82.59,82.87,84.4,82.55,83.78,-1.42,27748731,2314707652.45,83.42
XOM,20220330,83.78,83.06,84.01,82.71,82.37,1.71,22027075,1839371008.01,83.51
XOM,20220329,82.37,80.81,82.49,79.76,82.81,-0.53,27000653,2191027443.12,81.15
XOM,20220328,82.81,83.17,83.31,82.02,85.2,-2.81,21485879,1776981157.26,82.7
XOM,20220325,85.2,82.92,85.49,82.79,83.38,2.18,21921383,1856857498.8,84.71
XOM,20220324,83.38,83.46,84.65,82.75,83.13,0.3,19746723,1651080775.53,83.61
XOM,20220323,83.13,83.34,84.27,83.05,81.84,1.58,27103063,2262926690.56,83.49
XOM,20220322,81.84,81.63,82.2,80.79,82.2,-0.44,22732145,1854438492.04,81.58
XOM,20220321,82.2,80.12,82.52,79.74,78.67,4.49,32994614,2695914121.31,81.71
XOM,20220318,78.67,79.06,79.39,78.1,78.98,-0.39,40522836,3188523182.05,78.68
XOM,20220317,78.98,78.18,79.15,77.07,76.93,2.66,33941594,2659198272.06,78.35
XOM,20220316,76.93,77.81,78.62,76.25,77.22,-0.38,37514098,2894284012.51,77.15
XOM,20220315,77.22,78.82,79.17,76.37,81.88,-5.69,47238586,3666031008.32,77.61
XOM,20220314,81.88,83.06,83.45,80.5,84.92,-3.58,37072813,3034350575.84,81.85
XOM,20220311,84.92,84.07,86.23,83.97,85.36,-0.52,34963102,2983264997.71,85.33
XOM,20220310,85.36,84.01,85.68,82.9,82.79,3.1,44468579,3764051896.58,84.65
XOM,20220309,82.79,84.03,86.57,81.6,87.78,-5.68,65029942,5462423890.99,84.0
XOM,20220308,87.78,89.05,91.51,85.43,87.12,0.76,71877375,6402268589.98,89.07
XOM,20220307,87.12,84.92,87.23,83.9,84.09,3.6,54909395,4722932719.1,86.01
XOM,20220304,84.09,81.05,84.27,80.66,81.04,3.76,42642329,3529475849.63,82.77
XOM,20220303,81.04,79.86,81.77,79.63,80.53,0.63,29950067,2423185105.7,80.91
XOM,20220302,80.53,80.6,82.15,79.82,79.17,1.72,44109649,3568726792.94,80.91
XOM,20220301,79.17,78.77,80.65,78.33,78.42,0.96,39913524,3164986670.72,79.3
XOM,20220228,78.42,76.51,78.93,76.2,77.84,0.75,32204637,2509823104.88,77.93
XOM,20220225,77.84,76.69,77.99,76.26,75.8,2.69,28128563,2176239410.76,77.37
XOM,20220224,75.8,79.0,79.03,74.03,76.77,-1.26,45842200,3471785623.64,75.73
XOM,20220223,76.77,76.46,77.47,76.13,76.46,0.41,24945493,1916517375.19,76.83
XOM,20220222,76.46,79.67,79.79,75.31,77.36,-1.16,35785672,2752168604.93,76.91
XOM,20220218,77.36,77.16,78.17,76.89,78.23,-1.11,23184243,1795346092.65,77.44
XOM,20220217,78.23,78.48,79.12,77.95,78.35,-0.15,23561915,1845809790.61,78.34
XOM,20220216,78.35,78.79,79.73,78.04,77.99,0.46,21610239,1704081901.03,78.86
XOM,20220215,77.99,76.9,78.19,76.42,78.98,-1.25,24886235,1933439021.78,77.69
XOM,20220214,78.98,79.58,79.84,77.05,80.21,-1.53,34617625,2712238853.84,78.35
XOM,20220211,80.21,78.62,80.32,78.23,78.24,2.52,41598485,3306463858.32,79.49
XOM,20220210,78.24,78.72,79.68,77.79,79.0,-0.96,28377829,2230846548.59,78.61
XOM,20220209,79.0,79.58,80.03,78.71,80.26,-1.57,39506161,3125059962.22,79.1
XOM,20220208,80.26,82.27,82.5,79.92,82.39,-2.59,33527672,2700386026.45,80.54
XOM,20220207,82.39,81.14,83.08,80.64,81.41,1.2,34893606,2872839642.39,82.33
XOM,20220204,81.41,80.87,82.53,80.87,79.68,2.17,31039512,2535881633.21,81.7
XOM,20220203,79.68,80.09,80.31,79.02,80.62,-1.17,28415000,2263524720.91,79.66
XOM,20220202,80.62,80.06,80.81,79.15,80.83,-0.26,30191485,2417073106.43,80.06
XOM,20220201,80.83,76.45,81.51,76.27,75.96,6.41,60110270,4805714139.48,79.95
XOM,20220131,75.96,74.97,76.42,74.27,75.28,0.9,35669868,2703241089.06,75.79
XOM,20220128,75.28,74.97,75.62,73.95,75.12,0.21,30461512,2278837745.02,74.81
XOM,20220127,75.12,75.46,76.01,73.99,74.17,1.28,28812309,2161309202.32,75.01
XOM,20220126,74.17,75.43,76.0,73.49,74.93,-1.01,35191559,2631361091.67,74.77
XOM,20220125,74.93,72.59,75.24,71.39,72.79,2.94,38815758,2874702645.37,74.06
XOM,20220124,72.79,70.88,73.08,69.8,72.17,0.86,41157864,2935165045.38,71.31
XOM,20220121,72.17,73.18,73.18,71.04,73.27,-1.5,35163430,2539038862.81,72.21
XOM,20220120,73.27,72.5,74.37,72.26,73.11,0.22,26185309,1928791583.59,73.66
XOM,20220119,73.11,73.75,73.86,72.55,73.08,0.04,26302110,1926726691.19,73.25
XOM,20220118,73.08,72.82,73.88,72.01,71.87,1.68,31644239,2311532580.0,73.05
XOM,20220114,71.87,70.65,72.15,70.6,70.63,1.76,22934938,1643675931.09,71.67
XOM,20220113,70.63,71.12,71.58,70.31,71.14,-0.72,20237379,1436093044.26,70.96
XOM,20220112,71.14,71.14,71.81,70.64,71.35,-0.29,21945446,1559276585.42,71.05
XOM,20220111,71.35,68.89,71.4,68.58,68.47,4.21,31912293,2247171095.5,70.42
XOM,20220110,68.47,68.97,69.17,67.95,68.88,-0.6,22369055,1529416916.61,68.37
XOM,20220107,68.88,68.52,69.18,67.98,68.32,0.82,23558563,1618805383.16,68.71
XOM,20220106,68.32,68.0,68.48,67.07,66.75,2.35,30088770,2045217764.92,67.97
XOM,20220105,66.75,66.5,67.61,66.48,65.93,1.24,33023430,2213369010.03,67.02
XOM,20220104,65.93,64.13,66.18,64.1,63.54,3.76,38308325,2515929776.11,65.68
XOM,20220103,63.54,61.24,63.6,61.21,61.19,3.84,23795489,1500752984.23,63.07
XOM,20211231,61.19,60.74,61.47,60.7,60.79,0.66,14002532,856439567.2,61.16
XOM,20211230,60.79,61.22,61.6,60.77,61.15,-0.59,11919766,727183216.4,61.01
XOM,20211229,61.15,61.48,61.6,60.91,61.69,-0.88,12713418,778757965.9,61.25
XOM,20211228,61.69,61.91,62.31,61.4,61.89,-0.32,12217020,754238437.55,61.74
XOM,20211227,61.89,60.93,61.95,60.42,61.02,1.43,12577071,773640715.89,61.51
XOM,20211223,61.02,61.17,61.84,61.0,60.99,0.05,13234204,810557846.59,61.25
XOM,20211222,60.99,60.34,61.37,59.97,60.5,0.81,13636704,830824359.59,60.93
XOM,20211221,60.5,59.75,60.68,59.72,59.16,2.27,18910309,1139832036.55,60.28
XOM,20211220,59.16,58.79,59.25,57.96,60.03,-1.45,21527208,1264366096.82,58.73
XOM,20211217,60.03,60.95,61.27,59.69,61.37,-2.18,42658879,2574006684.35,60.34
XOM,20211216,61.37,61.44,62.45,61.3,61.27,0.16,21187782,1310847900.31,61.87
XOM,20211215,61.27,61.19,61.5,60.01,61.54,-0.44,19246981,1170959243.54,60.84
XOM,20211214,61.54,61.26,62.46,61.22,61.63,-0.15,21592641,1332414809.37,61.71
XOM,20211213,61.63,62.47,62.72,61.35,63.01,-2.19,17465762,1079214656.24,61.79
XOM,20211210,63.01,63.27,63.35,62.23,62.61,0.64,17450059,1094752101.54,62.74
XOM,20211209,62.61,62.05,62.77,61.81,62.45,0.26,16065032,1002642744.67,62.41
XOM,20211208,62.45,62.61,63.19,62.34,62.27,0.29,17793028,1114112191.94,62.62
XOM,20211207,62.27,62.34,63.03,62.1,61.58,1.12,19468758,1216842250.49,62.5
XOM,20211206,61.58,61.72,62.16,61.42,60.89,1.13,19158629,1184428689.56,61.82
XOM,20211203,60.89,61.92,62.23,60.35,61.28,-0.64,21963129,1339215012.58,60.98
XOM,20211202,61.28,59.74,61.58,59.14,59.79,2.49,29173836,1776922832.95,60.91
XOM,20211201,59.79,60.9,62.03,59.75,59.84,-0.08,30596586,1862203042.78,60.86
XOM,20211130,59.84,60.46,61.18,59.66,61.59,-2.84,33988961,2044500651.15,60.15
XOM,20211129,61.59,62.57,63.14,61.29,61.25,0.56,18770766,1162216491.51,61.92
XOM,20211126,61.25,60.52,61.42,59.54,63.48,-3.51,24973610,1505966322.09,60.3
XOM,20211124,63.48,62.58,63.85,62.58,63.13,0.55,15703446,995761807.94,63.41
XOM,20211123,63.13,62.19,63.38,61.92,61.51,2.63,19356485,1217954614.18,62.92
XOM,20211122,61.51,60.32,62.54,60.32,60.67,1.38,21840196,1350029788.18,61.81
XOM,20211119,60.67,61.89,62.03,60.41,63.61,-4.62,31945110,1943486281.55,60.84
XOM,20211118,63.61,64.16,64.53,63.11,64.31,-1.09,16909481,1078185844.69,63.76
XOM,20211116,65.02,64.34,65.37,64.34,64.37,1.01,16938711,1101117796.45,65.01
XOM,20211115,64.37,63.76,64.77,63.22,63.82,0.86,18753149,1204291485.28,64.22
XOM,20211112,63.82,63.96,64.37,63.58,64.31,-0.76,18054196,1153128864.63,63.87
XOM,20211111,64.31,64.2,64.82,64.02,64.19,0.19,13256372,855316962.8,64.52
XOM,20211110,64.19,65.32,65.65,63.77,66.36,-3.27,19843426,1278825483.15,64.45
XOM,20211109,66.36,65.77,66.37,65.31,65.72,0.97,18596700,1226467353.94,65.95
XOM,20211108,65.72,65.55,66.38,65.38,65.02,1.08,17187278,1132172338.76,65.87
XOM,20211105,65.02,65.05,65.33,64.56,64.41,0.95,18046958,1173369788.18,65.02
XOM,20211104,64.41,64.68,64.89,63.83,63.93,0.75,17091938,1100852415.12,64.41
XOM,20211103,63.93,64.04,64.45,63.66,64.82,-1.37,16288418,1042756764.9,64.02
XOM,20211102,64.82,65.03,65.45,64.66,65.63,-1.23,16300051,1058706177.31,64.95
XOM,20211101,65.63,65.07,66.08,65.02,64.47,1.8,19480278,1280314057.6,65.72
XOM,20211029,64.47,65.05,65.36,64.33,64.31,0.25,23668563,1531486345.21,64.71
XOM,20211028,64.31,63.82,64.47,63.63,64.13,0.28,16508145,1057434147.4,64.06
XOM,20211027,64.13,65.16,65.25,63.98,65.84,-2.6,21690782,1398411374.61,64.47
XOM,20211026,65.84,64.49,65.94,64.36,64.35,2.32,25132133,1643764846.71,65.4
XOM,20211025,64.35,63.72,64.41,63.58,63.12,1.95,17850614,1144900788.57,64.14
XOM,20211022,63.12,62.77,63.22,62.35,62.69,0.69,14177485,892068537.36,62.92
XOM,20211021,62.69,63.47,63.64,62.35,63.85,-1.82,16477168,1036025071.94,62.88
XOM,20211020,63.85,62.89,63.87,62.72,63.5,0.55,14258532,905945702.24,63.54
XOM,20211019,63.5,62.87,63.61,62.67,62.56,1.5,18805590,1191044426.39,63.33
XOM,20211018,62.56,63.09,63.14,62.27,62.59,-0.05,18268512,1144944206.35,62.67
XOM,20211015,62.59,62.73,63.07,62.44,62.0,0.95,15956469,1000626883.96,62.71
XOM,20211014,62.0,61.71,62.22,61.17,61.07,1.52,18511668,1144185817.73,61.81
XOM,20211013,61.07,60.78,61.39,60.21,61.24,-0.28,14896938,906970216.67,60.88
XOM,20211012,61.24,61.57,61.98,60.85,61.56,-0.52,20113418,1233515759.44,61.33
XOM,20211011,61.56,63.03,63.06,61.5,62.18,-1.0,22031661,1371543513.6,62.25
XOM,20211008,62.18,61.25,62.41,61.25,60.66,2.51,22108704,1372364681.96,62.07
XOM,20211007,60.66,60.61,61.08,60.14,60.49,0.28,19485930,1183004333.54,60.71
XOM,20211006,60.49,60.47,61.12,59.75,61.62,-1.83,25165786,1516638742.5,60.27
XOM,20211005,61.62,62.52,62.7,61.02,61.72,-0.16,28846395,1787028372.12,61.95
XOM,20211004,61.72,61.32,62.07,60.95,60.93,1.3,33858747,2088404196.8,61.68
XOM,20211001,60.93,59.41,60.99,59.41,58.82,3.59,24340637,1470259764.39,60.4
XOM,20210930,58.82,60.12,60.17,58.81,59.88,-1.77,31225629,1851114834.39,59.28
XOM,20210929,59.88,59.84,60.19,59.05,59.92,-0.07,23234168,1390595252.16,59.85
XOM,20210928,59.92,59.9,60.48,59.51,59.3,1.05,37394215,2243866308.79,60.01
XOM,20210927,59.3,58.85,59.8,58.82,57.59,2.97,32972243,1957746579.58,59.38
XOM,20210924,57.59,56.7,57.82,56.68,57.08,0.89,22268149,1279336357.73,57.45
XOM,20210923,57.08,55.42,57.24,55.28,55.21,3.39,23004727,1305983021.75,56.77
XOM,20210922,55.21,54.43,55.9,54.37,53.64,2.93,25500567,1411864341.52,55.37
XOM,20210921,53.64,54.37,54.51,53.25,53.69,-0.09,19609204,1054667349.92,53.78
XOM,20210920,53.69,53.78,54.17,52.96,55.16,-2.66,26754051,1432556228.65,53.55
XOM,20210917,55.16,55.34,56.75,55.1,55.82,-1.18,28673907,1593242531.29,55.56
XOM,20210916,55.82,56.46,56.46,55.5,56.42,-1.06,17640684,985651961.48,55.87
XOM,20210915,56.42,55.37,56.53,55.31,54.58,3.37,23178895,1302809104.88,56.21
XOM,20210914,54.58,55.69,55.77,54.41,55.37,-1.43,19446266,1066405866.54,54.84
XOM,20210913,55.37,54.65,55.93,54.62,53.98,2.58,22052270,1221755188.87,55.4
XOM,20210910,53.98,55.19,55.23,53.95,54.09,-0.2,15053309,817612936.63,54.31
XOM,20210909,54.09,53.62,55.0,53.3,54.05,0.07,19043532,1033267653.7,54.26
XOM,20210908,54.05,54.79,55.18,54.01,54.55,-0.92,18611766,1013097943.81,54.43
XOM,20210907,54.55,54.67,55.27,54.47,54.87,-0.58,14035903,767877584.91,54.71
XOM,20210903,54.87,55.12,55.32,54.6,55.08,-0.38,13742387,754591804.15,54.91
XOM,20210902,55.08,54.29,55.64,54.27,53.77,2.44,23170270,1277902834.38,55.15
XOM,20210901,53.77,54.49,54.76,53.6,54.52,-1.38,21012086,1134274321.39,53.98
XOM,20210831,54.52,54.93,55.31,54.46,55.16,-1.16,26967188,1477890867.15,54.8
XOM,20210830,55.16,56.24,56.34,55.12,55.77,-1.09,14040692,779435374.88,55.51
XOM,20210827,55.77,55.4,56.21,55.4,54.71,1.94,15780426,881471020.4,55.86
XOM,20210826,54.71,55.2,55.54,54.63,55.46,-1.35,11781942,647974998.76,55.0
XOM,20210825,55.46,55.24,55.77,54.87,55.36,0.18,13188153,731579870.05,55.47
XOM,20210824,55.36,55.29,55.85,55.01,54.91,0.82,17774290,984086150.05,55.37
XOM,20210823,54.91,53.95,55.06,53.95,52.74,4.11,21506364,1176978911.67,54.73
XOM,20210820,52.74,52.27,53.13,52.11,52.73,0.02,16761262,883229723.0,52.69
XOM,20210819,52.73,53.47,53.71,52.1,54.39,-3.05,30691090,1619114713.93,52.76
XOM,20210818,54.39,55.42,55.8,54.31,55.56,-2.11,21536848,1185896362.0,55.06
XOM,20210817,55.56,55.5,56.3,54.99,55.94,-0.68,16175489,898796028.34,55.57
XOM,20210816,55.94,56.02,56.09,55.27,56.77,-1.46,16844571,939896792.11,55.8
XOM,20210813,56.77,57.03,57.07,56.3,57.35,-1.01,19930555,1130923368.82,56.74
XOM,20210812,57.35,57.4,57.79,56.87,58.35,-1.71,19209008,1098417255.9,57.18
XOM,20210811,58.35,58.19,58.5,57.72,58.18,0.29,18121555,1054299511.66,58.18
XOM,20210810,58.18,57.42,58.36,57.3,57.2,1.71,16298508,946643503.75,58.08
XOM,20210809,57.2,57.13,57.52,56.83,57.86,-1.14,17744801,1015701691.38,57.24
XOM,20210806,57.86,57.66,58.07,57.53,57.2,1.15,14803192,855979863.03,57.82
XOM,20210805,57.2,57.13,57.7,56.83,56.84,0.63,15126965,867259172.51,57.33
XOM,20210804,56.84,57.19,57.88,56.81,58.2,-2.34,20543079,1174131524.64,57.15
XOM,20210803,58.2,57.57,58.41,56.93,57.58,1.08,18051797,1045374130.68,57.91
XOM,20210802,57.58,57.55,59.06,57.4,57.57,0.02,20782129,1205789370.17,58.02
XOM,20210730,57.57,58.88,58.88,57.32,58.93,-2.31,28573219,1649163424.06,57.72
XOM,20210729,58.93,59.0,59.33,58.56,58.22,1.22,18522520,1091637681.96,58.94
XOM,20210728,58.22,58.0,58.63,57.62,57.83,0.67,16817063,977764307.38,58.14
XOM,20210727,57.83,58.01,58.01,57.21,58.48,-1.11,16732547,964348604.7,57.63
XOM,20210726,58.48,57.16,58.65,57.0,57.04,2.52,18360700,1070100245.27,58.28
XOM,20210723,57.04,57.29,57.29,56.47,57.11,-0.12,14000012,797253013.36,56.95
XOM,20210722,57.11,57.73,57.74,56.66,57.76,-1.13,13443571,767734041.09,57.11
XOM,20210721,57.76,56.86,58.3,56.83,55.96,3.22,20722325,1196237779.61,57.73
XOM,20210720,55.96,55.5,56.6,55.03,55.35,1.1,26606774,1489835640.81,55.99
XOM,20210719,55.35,55.64,56.2,54.6,57.32,-3.44,37815790,2083188676.36,55.09
XOM,20210716,57.32,59.18,59.26,57.15,58.95,-2.77,26925020,1556115483.59,57.79
XOM,20210715,58.95,59.17,59.7,58.77,59.53,-0.97,15714227,929155465.47,59.13
XOM,20210714,59.53,61.17,61.73,59.35,60.88,-2.22,21490860,1290579999.1,60.05
XOM,20210713,60.88,61.0,61.51,60.51,61.17,-0.47,17106223,1042891268.67,60.97
XOM,20210712,61.17,60.42,61.5,60.16,61.23,-0.1,20106934,1227652963.58,61.06
XOM,20210709,61.23,60.7,61.45,60.24,60.14,1.81,17523325,1069474722.12,61.03
XOM,20210708,60.14,59.45,60.71,59.31,60.41,-0.45,18895293,1134569852.19,60.05
XOM,20210707,60.41,61.18,61.81,59.62,61.37,-1.56,21582211,1303418871.69,60.39
XOM,20210706,61.37,62.75,62.76,60.9,63.17,-2.85,22066579,1358559983.81,61.57
XOM,20210702,63.17,63.01,63.32,62.42,63.26,-0.14,14241696,896378042.92,62.94
XOM,20210701,63.26,64.33,64.42,62.77,63.08,0.29,22449848,1422857784.08,63.38
XOM,20210630,63.08,62.7,63.23,62.45,62.62,0.73,17749325,1117236551.42,62.95
XOM,20210629,62.62,63.21,63.77,62.59,63.01,-0.62,19441153,1225070608.61,63.01
XOM,20210628,63.01,64.56,64.56,62.75,64.66,-2.55,19678840,1241423838.97,63.08
XOM,20210625,64.66,64.61,64.93,64.36,64.52,0.22,18364465,1187114038.63,64.64
XOM,20210624,64.52,64.15,64.56,63.8,64.26,0.4,19503997,1253400845.38,64.26
XOM,20210623,64.26,64.05,64.7,63.58,63.79,0.74,20638868,1324358968.32,64.17
XOM,20210622,63.79,62.85,64.01,62.23,62.59,1.92,24235180,1538466142.56,63.48
XOM,20210621,62.59,60.93,62.7,60.9,60.4,3.63,23307801,1447216488.95,62.09
XOM,20210618,60.4,61.0,61.55,60.24,61.99,-2.56,39249833,2385428146.99,60.78
XOM,20210617,61.99,63.86,64.46,61.27,64.1,-3.29,28433743,1776088080.83,62.46
XOM,20210616,64.1,64.32,64.8,63.56,64.33,-0.36,24758805,1589007849.29,64.18
XOM,20210615,64.33,62.48,64.4,62.35,62.07,3.64,30326536,1935069574.11,63.81
XOM,20210614,62.07,62.3,62.78,61.57,62.17,-0.16,16935161,1052767458.7,62.16
XOM,20210611,62.17,63.01,63.19,62.14,62.75,-0.92,17594055,1100407801.35,62.54
XOM,20210610,62.75,63.61,63.98,62.25,62.65,0.16,27316844,1723220356.95,63.08
XOM,20210609,62.65,62.67,63.42,62.19,62.13,0.84,28753719,1808148951.86,62.88
XOM,20210608,62.13,61.5,62.48,60.67,61.05,1.77,28743407,1781996524.47,62.0
XOM,20210607,61.05,61.33,61.73,61.02,61.45,-0.65,15464430,946138493.17,61.18
XOM,20210604,61.45,61.46,61.7,60.78,61.18,0.44,20405098,1250814204.03,61.3
XOM,20210603,61.18,60.55,61.41,60.35,60.94,0.39,20238692,1236154960.21,61.08
XOM,20210602,60.94,60.75,61.31,60.17,60.46,0.79,22343395,1360804341.08,60.9
XOM,20210601,60.46,59.45,60.7,59.45,58.37,3.58,27520043,1658316511.12,60.26
XOM,20210528,58.37,58.73,58.8,58.11,58.56,-0.32,18857661,1100863161.6,58.38
XOM,20210527,58.56,59.23,59.7,58.02,58.94,-0.64,33314227,1950861244.53,58.56
XOM,20210526,58.94,58.25,59.12,57.9,58.26,1.17,20726461,1214574863.52,58.6
XOM,20210525,58.26,59.5,59.54,58.12,59.61,-2.26,24907235,1455386952.97,58.43
XOM,20210524,59.61,59.08,59.8,58.69,58.92,1.17,17042157,1012798365.4,59.43
XOM,20210521,58.92,59.42,59.83,58.85,58.84,0.14,20219547,1199112066.14,59.3
XOM,20210520,58.84,58.95,59.15,58.24,58.98,-0.24,20493973,1202407956.1,58.67
XOM,20210519,58.98,59.1,59.85,58.41,60.43,-2.4,28142063,1660696908.11,59.01
XOM,20210518,60.43,62.0,62.3,60.4,62.19,-2.83,24432883,1488275242.3,60.91
XOM,20210517,62.19,60.54,62.25,60.43,60.77,2.34,24664508,1519077181.92,61.59
XOM,20210514,60.77,59.93,60.88,59.93,59.3,2.48,20649258,1250351722.89,60.55
XOM,20210513,59.3,59.0,60.45,58.75,60.04,-1.23,24185821,1440398590.01,59.56
XOM,20210512,60.04,60.01,61.68,59.75,60.59,-0.91,33440364,2032287928.11,60.77
XOM,20210511,60.59,61.63,62.38,60.38,62.58,-3.18,34354938,2093108780.81,60.93
XOM,20210510,62.58,63.24,64.02,62.53,62.43,0.24,31897098,2012943145.6,63.11
XOM,20210507,62.43,61.07,62.47,60.85,61.55,1.43,33509567,2080015795.17,62.07
XOM,20210506,61.55,60.86,61.64,60.03,60.97,0.95,26761442,1631297246.76,60.96
XOM,20210505,60.97,59.77,61.05,60.48,59.19,3.01,17197340,1043187308.12,60.66
XOM,20210504,59.19,59.0,59.5,58.51,58.82,0.63,23461723,1386695729.76,59.1
XOM,20210503,58.82,57.98,58.99,57.74,57.24,2.76,20471950,1200481391.94,58.64
XOM,20210430,57.24,58.33,58.89,57.16,58.94,-2.88,30445333,1757222448.81,57.72
XOM,20210429,58.94,58.92,59.48,58.15,58.11,1.43,27054415,1590753474.22,58.8
XOM,20210428,58.11,56.91,58.46,56.79,56.41,3.01,24630625,1428726595.34,58.01
XOM,20210427,56.41,56.01,56.63,55.81,55.68,1.31,19061754,1070918008.6,56.18
XOM,20210426,55.68,55.47,56.29,55.44,55.57,0.2,16033754,895820202.22,55.87
XOM,20210423,55.57,55.27,55.94,55.18,55.27,0.54,15309196,851174579.96,55.6
XOM,20210422,55.27,55.99,55.99,55.02,56.0,-1.3,21548036,1194495939.33,55.43
XOM,20210421,56.0,54.5,56.13,54.3,55.29,1.28,16577415,924021929.24,55.74
XOM,20210420,55.29,56.47,56.47,54.78,56.48,-2.11,21738614,1202064834.37,55.3
XOM,20210419,56.48,56.75,57.14,55.96,56.66,-0.32,21092215,1189318227.04,56.39
XOM,20210416,56.66,57.36,57.68,56.44,56.98,-0.56,22720868,1291181554.87,56.83
XOM,20210415,56.98,57.42,57.42,56.78,57.32,-0.59,23169508,1321027872.04,57.02
XOM,20210414,57.32,56.41,58.01,56.25,55.71,2.89,27967969,1602309947.37,57.29
XOM,20210413,55.71,55.3,55.98,55.09,55.5,0.38,18828493,1047585455.05,55.64
XOM,20210412,55.5,56.76,56.79,55.31,55.87,-0.66,20194719,1126830888.2,55.8
XOM,20210409,55.87,56.0,56.43,55.53,56.0,-0.23,20001063,1117209356.52,55.86
XOM,20210408,56.0,55.93,56.08,55.32,56.59,-1.04,21886184,1222058987.33,55.84
XOM,20210407,56.59,56.39,56.77,56.24,56.34,0.44,22249485,1258502114.45,56.56
XOM,20210406,56.34,56.84,57.54,56.26,56.5,-0.28,18857043,1069439441.94,56.71
XOM,20210405,56.5,57.3,57.32,56.14,57.39,-1.55,23231215,1314891531.4,56.6
XOM,20210401,57.39,56.32,57.45,56.14,55.83,2.79,22786668,1295239691.31,56.84
XOM,20210331,55.83,56.35,56.63,55.8,56.69,-1.52,23589274,1322336903.01,56.06
XOM,20210330,56.69,56.86,57.36,56.49,57.4,-1.24,19726325,1121895321.18,56.87
XOM,20210329,57.4,57.34,57.82,56.74,57.71,-0.54,20280172,1161984923.3,57.3
XOM,20210326,57.71,57.3,57.78,56.52,56.18,2.72,30452715,1740476110.12,57.15
XOM,20210325,56.18,55.21,56.5,54.5,56.34,-0.28,31464153,1750187280.72,55.62
XOM,20210324,56.34,56.08,57.28,56.08,55.22,2.03,29377879,1666874590.64,56.74
XOM,20210323,55.22,54.94,56.29,54.45,55.91,-1.23,33370340,1853098228.16,55.53
XOM,20210322,55.91,56.5,56.86,55.9,56.49,-1.03,26998063,1519664351.33,56.29
XOM,20210319,56.49,56.71,57.46,55.81,56.81,-0.56,82445563,4667194348.77,56.61
XOM,20210318,56.81,58.81,58.96,56.52,59.37,-4.31,38297270,2206125765.83,57.61
XOM,20210317,59.37,58.69,59.73,58.62,59.11,0.44,24122540,1428618931.93,59.22
XOM,20210316,59.11,59.54,59.66,58.44,60.39,-2.12,30363364,1795765316.1,59.14
XOM,20210315,60.39,61.49,61.85,59.87,61.97,-2.55,31156969,1881192358.59,60.38
XOM,20210312,61.97,61.55,62.37,61.5,61.31,1.08,20083934,1245069385.81,61.99
XOM,20210311,61.31,61.78,62.55,61.26,61.77,-0.74,24417125,1510985485.93,61.88
XOM,20210310,61.77,60.52,61.91,60.03,59.93,3.07,31172450,1909474783.93,61.26
XOM,20210309,59.93,60.61,61.39,59.47,60.87,-1.54,35057583,2119083685.56,60.45
XOM,20210308,60.87,61.58,61.61,59.82,60.93,-0.1,37773086,2297770930.48,60.83
XOM,20210305,60.93,59.83,61.05,59.11,58.71,3.78,50813758,3062514401.52,60.27
XOM,20210304,58.71,57.12,59.47,57.1,56.52,3.87,50502668,2947714120.97,58.37
XOM,20210303,56.52,56.42,57.96,55.88,56.07,0.8,35115766,1997202238.33,56.87
XOM,20210302,56.07,56.65,56.96,56.02,56.4,-0.59,29070598,1640512189.83,56.43
XOM,20210301,56.4,56.47,57.61,56.13,54.37,3.73,36767883,2091044878.64,56.87
XOM,20210226,54.37,54.41,55.05,53.12,55.76,-2.49,34732868,1886891048.79,54.33
XOM,20210225,55.76,56.98,57.24,55.35,56.7,-1.66,29188563,1639693912.99,56.18
XOM,20210224,56.7,55.19,57.0,54.87,55.05,3.0,28336856,1598853146.43,56.42
XOM,20210223,55.05,54.98,55.26,53.74,54.3,1.38,32898965,1800823776.46,54.74
XOM,20210222,54.3,52.59,54.81,52.59,52.37,3.69,35612102,1932896621.77,54.28
XOM,20210219,52.37,52.11,52.56,51.91,52.02,0.67,22478778,1175183635.33,52.28
XOM,20210218,52.02,52.81,52.93,51.86,52.85,-1.57,20539563,1072514279.01,52.22
XOM,20210217,52.85,52.35,53.27,51.8,52.04,1.56,25444719,1337700123.04,52.57
XOM,20210216,52.04,51.96,52.53,51.62,50.52,3.01,26790836,1394460254.34,52.05
XOM,20210212,50.52,49.43,50.71,49.41,49.84,1.36,19673629,989791941.45,50.31
XOM,20210211,49.84,50.89,50.93,48.78,51.12,-2.5,26898508,1335882229.2,49.66
XOM,20210210,51.12,50.63,51.42,50.39,50.63,0.97,25558766,1303555978.96,51.0
XOM,20210209,50.63,50.67,50.96,49.77,52.1,-2.82,28708450,1448932610.44,50.47
XOM,20210208,52.1,50.92,52.36,50.71,49.95,4.3,36633868,1899539543.34,51.85
XOM,20210205,49.95,49.18,50.12,49.04,48.33,3.35,34654743,1726509623.37,49.82
XOM,20210204,48.33,47.88,48.38,47.25,47.42,1.92,25020872,1199653381.12,47.95
XOM,20210203,47.42,45.63,47.67,45.42,45.63,3.92,28382477,1334904526.0,47.03
XOM,20210202,45.63,45.81,46.99,45.28,44.92,1.58,31814372,1463563077.06,46.0
XOM,20210201,44.92,45.58,45.58,44.29,44.84,0.18,22855743,1023045958.13,44.76
XOM,20210129,44.84,45.55,46.04,44.51,46.06,-2.65,38812497,1749450092.4,45.07
XOM,20210128,46.06,45.94,46.59,45.69,45.35,1.57,24855020,1145508244.61,46.09
XOM,20210127,45.35,45.0,46.66,44.53,45.87,-1.13,32305086,1471716148.05,45.56
XOM,20210126,45.87,47.26,47.86,45.85,46.9,-2.2,23843145,1108172179.9,46.48
XOM,20210125,46.9,46.9,47.05,46.16,47.43,-1.12,26196411,1219356693.46,46.55
XOM,20210122,47.43,47.01,47.64,46.64,48.11,-1.41,23102375,1092559805.64,47.29
XOM,20210121,48.11,49.33,49.39,47.68,49.53,-2.87,28960231,1396615741.16,48.23
XOM,20210120,49.53,49.11,49.74,48.99,48.84,1.41,22266192,1100446487.68,49.42
XOM,20210119,48.84,48.45,49.44,48.35,47.89,1.98,24812110,1214262333.94,48.94
XOM,20210115,47.89,48.91,49.08,47.29,50.31,-4.81,42113149,2027727320.45,48.15
XOM,20210114,50.31,48.5,51.08,48.5,48.42,3.9,35195864,1763390358.08,50.1
XOM,20210113,48.42,48.53,48.71,47.69,47.88,1.13,28822352,1393102645.56,48.33
XOM,20210112,47.88,47.46,48.17,46.91,46.84,2.22,36578641,1744351221.84,47.69
XOM,20210111,46.84,45.04,47.13,44.75,45.46,3.04,38141090,1771974206.36,46.46
XOM,20210108,45.46,45.2,45.82,44.95,44.96,1.11,28378653,1289531696.43,45.44
XOM,20210107,44.96,45.0,45.57,44.53,44.61,0.78,29248946,1316772953.7,45.02
XOM,20210106,44.61,44.41,45.1,43.7,43.5,2.55,36356645,1621030058.59,44.59
XOM,20210105,43.5,41.84,44.8,41.83,41.5,4.82,42927825,1874306324.22,43.66
XOM,20210104,41.5,41.45,42.24,41.0,41.22,0.68,26959098,1117834654.5,41.46
XOM,20201231,41.22,41.47,41.68,40.97,41.6,-0.91,22627622,933461929.03,41.25
XOM,20201230,41.6,41.33,42.42,41.27,41.27,0.8,23619614,987129827.6,41.79
XOM,20201229,41.27,42.04,42.12,41.2,41.74,-1.13,20117942,835600652.29,41.54
XOM,20201228,41.74,41.69,42.55,41.52,41.6,0.34,23752536,993007949.77,41.81
XOM,20201224,41.6,41.65,41.85,41.38,41.77,-0.41,8036996,334212032.99,41.58
XOM,20201223,41.77,41.51,42.39,41.46,41.24,1.29,18939465,794925217.4,41.97
XOM,20201222,41.24,41.58,41.9,41.23,41.95,-1.69,21733938,903921045.07,41.59
XOM,20201221,41.95,41.11,42.08,40.53,42.73,-1.83,27811649,1158138166.55,41.64
XOM,20201218,42.73,43.27,43.78,42.42,43.48,-1.72,45574250,1954893781.47,42.89
XOM,20201217,43.48,44.0,44.04,43.4,43.7,-0.5,20527336,896071669.58,43.65
XOM,20201216,43.7,43.75,44.11,42.96,43.04,1.53,33669836,1470193186.92,43.66
XOM,20201215,43.04,42.44,43.22,42.06,42.22,1.94,26504938,1133255572.07,42.76
XOM,20201214,42.22,44.34,44.46,42.18,43.8,-3.61,29830594,1277808260.13,42.84
XOM,20201211,43.8,43.7,43.93,43.21,44.01,-0.48,25478805,1111061893.28,43.61
XOM,20201210,44.01,43.2,44.47,42.76,42.8,2.83,38058672,1668629115.58,43.84
XOM,20201209,42.8,42.71,43.73,42.38,42.24,1.33,37625895,1618143153.46,43.01
XOM,20201208,42.24,40.53,42.59,40.44,40.9,3.28,32415704,1365563493.37,42.13
XOM,20201207,40.9,41.42,41.54,40.67,41.68,-1.87,24673555,1011879688.02,41.01
XOM,20201204,41.68,40.77,41.76,40.65,40.21,3.66,28723633,1190206617.74,41.44
XOM,20201203,40.21,40.07,40.63,39.73,39.94,0.68,27038942,1088133415.5,40.24
XOM,20201202,39.94,38.39,40.42,38.34,38.5,3.74,28873817,1149316366.55,39.8
XOM,20201201,38.5,38.96,39.65,38.47,38.13,0.97,32503114,1267114592.44,38.98
XOM,20201130,38.13,39.8,39.88,37.97,40.19,-5.13,45614336,1757324041.98,38.53
XOM,20201127,40.19,40.7,40.94,39.87,40.81,-1.52,14971950,603565657.66,40.31
XOM,20201125,40.81,41.67,41.71,40.65,41.98,-2.79,28178176,1154730353.03,40.98
XOM,20201124,41.98,40.51,42.08,40.22,39.36,6.66,46979254,1950569512.1,41.52
XOM,20201123,39.36,37.5,39.43,37.28,36.94,6.55,29367590,1135721295.97,38.67
XOM,20201120,36.94,37.35,37.41,36.78,37.4,-1.23,18359575,680036858.76,37.04
XOM,20201119,37.4,36.86,37.5,36.56,37.21,0.51,26816715,996744928.77,37.17
XOM,20201118,37.21,39.02,39.13,37.2,38.67,-3.78,30880407,1180181342.17,38.22
XOM,20201117,38.67,37.81,38.71,37.38,38.16,1.34,26482790,1014124068.39,38.29
XOM,20201116,38.16,37.59,38.17,37.1,36.08,5.76,38484399,1456734600.07,37.85
XOM,20201113,36.08,35.4,36.25,35.38,35.23,2.41,29210489,1051460849.68,36.0
XOM,20201112,35.23,35.86,36.29,34.87,36.48,-3.43,30764825,1093809357.74,35.55
XOM,20201111,36.48,37.09,37.12,36.19,36.86,-1.03,33775153,1235586390.98,36.58
XOM,20201110,36.86,37.05,37.43,35.98,36.93,-0.19,48701321,1779463477.09,36.54
XOM,20201109,36.93,36.42,38.01,36.06,32.78,12.66,76879375,2838701961.08,36.92
XOM,20201106,32.78,33.1,33.66,32.62,33.17,-1.18,33985602,1121810616.94,33.01
XOM,20201105,33.17,33.37,33.92,33.14,33.23,-0.18,30824106,1031464161.61,33.46
XOM,20201104,33.23,33.27,34.14,32.53,33.41,-0.54,35270012,1179559559.24,33.44
XOM,20201103,33.41,34.49,34.49,33.13,33.99,-1.71,36772973,1239800674.38,33.71
XOM,20201102,33.99,33.14,34.46,32.57,32.62,4.2,40130309,1354032983.72,33.74
XOM,20201030,32.62,32.41,33.14,32.01,32.97,-1.06,47776094,1551404291.48,32.47
XOM,20201029,32.97,31.41,33.13,31.11,31.57,4.43,38458481,1245804573.52,32.39
XOM,20201028,31.57,32.1,32.38,31.52,32.82,-3.81,42136364,1342241487.13,31.85
XOM,20201027,32.82,33.15,33.2,32.7,33.35,-1.59,27100739,892630590.81,32.94
XOM,20201026,33.35,33.61,33.77,32.95,34.16,-2.37,30803778,1023193907.56,33.22
XOM,20201023,34.16,34.97,35.08,33.86,34.86,-2.01,27338489,938661388.09,34.33
XOM,20201022,34.86,33.18,34.96,33.02,33.16,5.13,31588657,1076683705.87,34.08
XOM,20201021,33.16,33.51,33.62,33.14,33.7,-1.6,27878344,929187826.08,33.33
XOM,20201020,33.7,33.66,33.93,33.33,33.42,0.84,22944981,772013760.11,33.65
XOM,20201019,33.42,34.1,34.37,33.39,34.1,-1.99,23439325,793317947.9,33.85
XOM,20201016,34.1,34.37,34.64,33.88,34.45,-1.02,22463211,769870556.24,34.27
XOM,20201015,34.45,33.7,34.46,33.27,34.15,0.88,22782387,774988435.8,34.02
XOM,20201014,34.15,34.06,34.83,34.03,34.22,-0.2,17756489,611485574.15,34.44
XOM,20201013,34.22,34.73,34.87,34.1,34.63,-1.18,20564079,706256698.04,34.34
XOM,20201012,34.63,34.54,34.73,34.23,34.74,-0.32,17844743,616302033.14,34.54
XOM,20201009,34.74,35.68,35.95,34.65,35.26,-1.47,29095852,1020062775.61,35.06
XOM,20201008,35.26,33.88,35.34,33.76,33.5,5.25,34130793,1192062349.69,34.93
XOM,20201007,33.5,33.64,33.74,33.21,33.39,0.33,23445411,783608914.78,33.42
XOM,20201006,33.39,34.12,34.42,33.31,33.74,-1.04,26448778,896473395.68,33.89
XOM,20201005,33.74,33.32,33.75,33.17,32.98,2.3,22657184,759110756.2,33.5
XOM,20201002,32.98,32.25,33.35,32.21,33.13,-0.45,32694348,1075022758.5,32.88
XOM,20201001,33.13,33.79,34.1,32.94,34.33,-3.5,36506434,1213897450.31,33.25
XOM,20200930,34.33,34.64,34.92,34.13,34.28,0.15,22026293,759653696.0,34.49
XOM,20200929,34.28,35.0,35.11,33.99,35.31,-2.92,20531325,705415305.41,34.36
XOM,20200928,35.31,35.14,35.9,35.1,34.64,1.93,23169915,822385988.87,35.49
XOM,20200925,34.64,34.0,34.94,33.88,34.32,0.93,23345856,803531562.59,34.42
XOM,20200924,34.32,34.4,34.82,33.76,34.39,-0.2,26612059,911441917.39,34.25
XOM,20200923,34.39,35.65,35.79,34.35,35.53,-3.21,30906200,1077337807.8,34.86
XOM,20200922,35.53,36.46,36.84,35.47,36.43,-2.47,26712696,959899494.17,35.93
XOM,20200921,36.43,36.43,36.71,35.68,37.19,-2.04,35277864,1273294810.93,36.09
XOM,20200918,37.19,37.53,37.82,36.7,37.8,-1.61,45303665,1684916013.73,37.19
XOM,20200917,37.8,37.35,37.98,36.97,37.81,-0.03,24329016,913216450.46,37.54
XOM,20200916,37.81,36.46,38.15,36.27,36.27,4.25,29616649,1110567858.55,37.5
XOM,20200915,36.27,36.8,37.38,36.21,36.66,-1.06,23458352,859459969.24,36.64
XOM,20200914,36.66,36.91,37.01,36.49,36.9,-0.65,25875153,951641526.19,36.78
XOM,20200911,36.9,37.13,37.31,36.49,37.0,-0.27,26688512,985097104.33,36.91
XOM,20200910,37.0,38.27,38.37,36.9,37.95,-2.5,34231274,1283484742.61,37.49
XOM,20200909,37.95,38.35,38.84,37.92,38.18,-0.6,25628215,978972338.55,38.2
XOM,20200908,38.18,38.25,38.68,37.35,39.08,-2.3,38288790,1455146396.13,38.0
XOM,20200904,39.08,39.46,39.79,38.65,39.11,-0.08,24397020,953557697.48,39.09
XOM,20200903,39.11,39.2,40.03,38.88,39.19,-0.2,28403239,1118269631.72,39.37
XOM,20200902,39.19,39.23,39.71,38.95,39.43,-0.61,26190625,1027062871.27,39.21
XOM,20200901,39.43,39.75,39.75,39.04,39.94,-1.28,21999801,867392929.97,39.43
XOM,20200831,39.94,40.64,40.72,39.9,40.69,-1.84,24800516,994019487.19,40.08
XOM,20200828,40.69,39.84,40.92,39.76,39.74,2.39,33170727,1343006509.9,40.49
XOM,20200827,39.74,40.0,40.3,39.3,40.01,-0.67,32034321,1271387549.94,39.69
XOM,20200826,40.01,40.64,40.84,40.0,40.88,-2.13,26561875,1069723841.93,40.27
XOM,20200825,40.88,41.66,42.07,40.7,42.22,-3.17,30831891,1266935000.4,41.09
XOM,20200824,42.22,41.28,42.51,41.09,41.01,2.95,17790180,746684008.96,41.97
XOM,20200821,41.01,41.3,41.34,40.71,41.32,-0.75,25428610,1043485998.81,41.04
XOM,20200820,41.32,41.69,41.88,41.3,41.96,-1.53,15527333,644479098.34,41.51
XOM,20200819,41.96,42.35,42.65,41.87,42.43,-1.11,14331231,605081870.62,42.22
XOM,20200818,42.43,42.59,43.19,42.29,42.64,-0.49,12905102,549465599.56,42.58
XOM,20200817,42.64,43.17,43.17,42.47,43.2,-1.3,15439086,658835251.01,42.67
XOM,20200814,43.2,42.6,43.28,42.41,43.01,0.44,13525747,581868208.49,43.02
XOM,20200813,43.01,43.5,43.87,42.92,44.09,-2.45,17049672,737921755.98,43.28
XOM,20200812,44.09,44.46,44.94,43.63,44.97,-1.96,22412047,988299598.97,44.1
XOM,20200811,44.97,45.5,46.42,44.73,44.51,1.03,28767938,1311596488.45,45.59
XOM,20200810,44.51,43.99,44.6,43.6,43.44,2.46,24029551,1061959429.76,44.19
XOM,20200807,43.44,43.23,43.52,42.81,43.64,-0.46,18342250,793447307.99,43.26
XOM,20200806,43.64,43.4,43.9,43.25,43.85,-0.48,14375606,626844073.2,43.6
XOM,20200805,43.85,44.15,44.31,43.53,43.47,0.87,17148458,753151615.39,43.92
XOM,20200804,43.47,42.34,43.6,42.24,42.25,2.89,17658743,762571767.23,43.18
XOM,20200803,42.25,42.05,42.5,41.47,42.08,0.4,22864083,962733301.47,42.11
XOM,20200731,42.08,41.16,42.17,40.91,41.87,0.5,32005317,1332515833.05,41.63
XOM,20200730,41.87,43.13,43.18,41.82,44.03,-4.91,29649219,1247565012.47,42.08
XOM,20200729,44.03,43.71,44.09,43.34,43.55,1.1,13995008,611727453.66,43.71
XOM,20200728,43.55,43.91,44.25,43.46,44.07,-1.18,19024305,832046870.31,43.74
XOM,20200727,44.07,43.23,44.09,42.97,43.43,1.47,18425903,806020802.96,43.74
XOM,20200724,43.43,43.88,44.42,43.19,43.7,-0.62,16278731,710039177.27,43.62
XOM,20200723,43.7,43.4,43.82,43.02,43.61,0.21,17825715,774069231.53,43.42
XOM,20200722,43.61,44.15,44.15,43.37,44.65,-2.33,21005934,915917518.01,43.6
XOM,20200721,44.65,43.15,45.19,43.11,42.5,5.06,28587434,1276014381.72,44.64
XOM,20200720,42.5,43.21,43.51,42.48,43.52,-2.34,18458344,789564856.86,42.78
XOM,20200717,43.52,44.33,44.68,43.39,44.28,-1.72,17785547,778672679.24,43.78
XOM,20200716,44.28,44.31,44.81,43.79,44.63,-0.78,14616598,646940815.25,44.26
XOM,20200715,44.63,45.03,45.09,44.21,44.07,1.27,17257965,768990655.7,44.56
XOM,20200714,44.07,42.53,44.19,42.26,42.66,3.31,21300747,929950078.7,43.66
XOM,20200713,42.66,42.98,43.29,42.23,42.65,0.02,19971442,854805817.42,42.8
XOM,20200710,42.65,41.12,42.71,41.1,41.36,3.12,18772918,790459994.48,42.11
XOM,20200709,41.36,42.9,43.1,41.29,43.14,-4.13,25592004,1068950009.43,41.77
XOM,20200708,43.14,43.15,43.93,42.84,43.24,-0.23,18033329,780762031.79,43.3
XOM,20200707,43.24,43.9,44.0,43.11,44.39,-2.59,17257879,752533179.08,43.61
XOM,20200706,44.39,44.67,45.08,43.84,44.08,0.7,22692047,1006083581.84,44.34
XOM,20200702,44.08,44.62,45.18,43.93,43.71,0.85,18216594,808774984.73,44.4
XOM,20200701,43.71,44.49,45.38,43.67,44.72,-2.26,17290059,766221154.08,44.32
XOM,20200629,44.32,43.81,44.57,43.54,43.62,1.6,17052129,752984621.32,44.16
XOM,20200626,43.62,44.88,44.94,43.5,45.17,-3.43,31518586,1380863828.55,43.81
XOM,20200625,45.17,44.05,45.24,43.69,44.5,1.51,19353594,865570138.06,44.72
XOM,20200624,44.5,45.91,45.96,44.25,46.7,-4.71,27626942,1241292234.65,44.93
XOM,20200623,46.7,46.9,47.22,46.5,46.42,0.6,18916586,885600819.67,46.82
XOM,20200622,46.42,45.69,46.44,45.4,45.98,0.96,17565387,809312839.99,46.07
XOM,20200619,45.98,48.22,48.26,45.98,46.92,-2.0,48899934,2281407007.5,46.65
XOM,20200618,46.92,46.11,47.33,45.77,46.63,0.62,21478680,1004516989.67,46.77
XOM,20200617,46.63,48.0,48.13,46.6,48.2,-3.26,19279403,908632479.57,47.13
XOM,20200616,48.2,49.57,49.75,47.24,47.14,2.25,26203379,1267035515.42,48.35
XOM,20200615,47.14,45.35,47.76,44.75,47.17,-0.06,27929290,1299061017.34,46.51
XOM,20200612,47.17,48.04,48.62,45.9,46.18,2.14,30978125,1454788758.45,46.96
XOM,20200611,46.18,47.53,48.84,46.1,50.65,-8.83,39182997,1852387938.07,47.28
XOM,20200610,50.65,53.5,53.5,50.6,53.52,-5.36,31156786,1602396619.66,51.43
XOM,20200609,53.52,52.88,53.97,52.45,54.74,-2.23,27276942,1455347820.15,53.35
XOM,20200608,54.74,54.72,55.36,53.46,53.08,3.13,33579422,1825978451.57,54.38
XOM,20200605,53.08,51.65,53.45,51.6,49.1,8.11,41328942,2182883417.6,52.82
XOM,20200604,49.1,48.88,49.15,48.16,49.24,-0.28,18731360,913816908.88,48.79
XOM,20200603,49.24,48.0,49.4,47.95,47.31,4.08,23418047,1144463445.19,48.87
XOM,20200602,47.31,46.86,47.45,46.75,46.28,2.23,22318977,1052429197.69,47.15
XOM,20200601,46.28,45.32,46.45,44.8,45.47,1.78,19038403,873683641.52,45.89
XOM,20200529,45.47,44.82,45.69,44.37,45.04,0.95,25886239,1167381469.23,45.1
XOM,20200528,45.04,46.43,46.46,44.93,46.24,-2.6,19705895,896620331.03,45.5
XOM,20200527,46.24,46.66,47.14,45.4,45.91,0.72,20788290,957144759.17,46.04
XOM,20200526,45.91,45.74,46.3,45.47,44.6,2.94,20356454,933915391.54,45.88
XOM,20200522,44.6,44.05,44.67,43.45,44.56,0.09,15406403,678895411.69,44.07
XOM,20200521,44.56,45.44,45.79,44.39,45.37,-1.79,19130739,857345866.57,44.82
XOM,20200520,45.37,44.62,45.58,44.57,43.94,3.25,19352438,874432189.41,45.18
XOM,20200519,43.94,45.55,46.63,43.93,45.34,-3.09,21771649,970466878.07,44.57
XOM,20200518,45.34,44.4,45.58,44.06,42.0,7.95,32046114,1440479105.34,44.95
XOM,20200515,42.0,42.38,43.01,41.85,42.3,-0.71,22445563,949961475.41,42.32
XOM,20200514,42.3,41.07,42.55,40.2,41.93,0.88,24856520,1036511887.84,41.7
XOM,20200513,41.93,43.74,43.87,41.6,44.12,-4.96,30827911,1303052669.72,42.27
XOM,20200512,44.12,45.42,45.67,44.12,45.74,-3.54,25439094,1140274317.73,44.82
XOM,20200511,45.74,46.11,46.2,45.51,46.18,-0.95,22258024,1018509416.34,45.76
XOM,20200508,46.18,45.31,46.22,44.98,44.24,4.39,19998700,912644534.25,45.64
XOM,20200507,44.24,44.96,45.27,43.97,43.99,0.57,22160321,987045250.98,44.54
XOM,20200506,43.99,44.93,45.27,43.9,44.83,-1.87,22659020,1005568696.63,44.38
XOM,20200505,44.83,46.26,47.15,44.66,44.88,-0.11,29276153,1339015032.39,45.74
XOM,20200504,44.88,42.51,44.94,42.22,43.14,4.03,27465645,1203322229.5,43.81
XOM,20200501,43.14,45.63,46.39,43.0,46.47,-7.17,35399317,1557517026.02,44.0
XOM,20200430,46.47,47.68,47.68,45.77,47.46,-2.09,37076297,1727262362.53,46.59
XOM,20200429,47.46,46.26,47.6,46.16,44.97,5.54,29502524,1386391311.05,46.99
XOM,20200428,44.97,44.37,45.39,44.11,43.94,2.34,26545071,1189460687.86,44.81
XOM,20200427,43.94,43.59,44.32,42.23,43.73,0.48,28274372,1232601455.28,43.59
XOM,20200424,43.73,44.4,44.89,43.13,43.45,0.64,28667004,1257716267.26,43.87
XOM,20200423,43.45,43.13,44.66,42.81,42.13,3.13,35270950,1543167585.48,43.75
XOM,20200422,42.13,42.6,42.93,41.86,40.96,2.86,27084692,1144100535.99,42.24
XOM,20200421,40.96,40.4,42.13,39.63,41.18,-0.53,44381590,1820208658.67,41.01
XOM,20200420,41.18,40.75,42.74,40.54,43.22,-4.72,39260782,1634893832.79,41.64
XOM,20200417,43.22,39.88,43.32,39.87,39.15,10.4,40829137,1706915354.31,41.81
XOM,20200416,39.15,40.48,40.48,38.93,40.48,-3.29,30933969,1216988957.95,39.34
XOM,20200415,40.48,41.0,41.06,39.38,42.43,-4.6,33125000,1329965536.88,40.15
XOM,20200414,42.43,43.0,43.75,41.91,42.76,-0.77,30768969,1315274840.97,42.75
XOM,20200413,42.76,44.45,44.69,41.97,43.13,-0.86,29651942,1269557029.53,42.82
XOM,20200409,43.13,45.46,46.71,41.74,43.85,-1.64,60208059,2672894814.29,44.39
XOM,20200408,43.85,41.95,44.04,41.47,41.24,6.33,33355551,1426009878.6,42.75
XOM,20200407,41.24,42.9,43.32,41.16,40.47,1.9,48921829,2069907143.75,42.31
XOM,20200406,40.47,39.88,40.83,39.23,39.21,3.21,41301934,1655406171.97,40.08
XOM,20200403,39.21,41.45,42.18,38.52,40.4,-2.95,48425661,1929864139.46,39.85
XOM,20200402,40.4,38.74,41.96,37.9,37.53,7.65,62000161,2487167086.59,40.12
XOM,20200401,37.53,36.86,38.7,36.34,37.97,-1.16,36045930,1347620348.17,37.39
XOM,20200331,37.97,38.34,39.45,37.37,37.5,1.25,41491614,1590021010.38,38.32
XOM,20200330,37.5,36.23,38.15,35.86,36.95,1.49,45834989,1707380657.9,37.25
XOM,20200327,36.95,37.13,37.68,36.2,38.82,-4.82,51558551,1897328897.52,36.8
XOM,20200326,38.82,37.5,39.56,36.72,37.29,4.1,46754735,1788527720.11,38.25
XOM,20200325,37.29,36.51,38.59,35.18,35.44,5.22,56607668,2112672042.77,37.32
XOM,20200324,35.44,34.42,36.17,33.33,31.45,12.69,61835602,2135251232.55,34.53
XOM,20200323,31.45,32.53,32.7,30.11,32.74,-3.94,56952489,1776934913.4,31.2
XOM,20200320,32.74,34.84,35.18,31.56,34.43,-4.91,76534625,2535017963.49,33.12
XOM,20200319,34.43,33.73,34.9,32.35,33.12,3.96,49412442,1663869903.06,33.67
XOM,20200318,33.12,34.55,36.71,31.23,36.81,-10.02,54036415,1809603995.44,33.49
XOM,20200317,36.81,35.21,37.38,34.2,34.49,6.73,41204446,1481633589.71,35.96
XOM,20200316,34.49,34.4,37.88,33.25,38.12,-9.52,48924723,1727213860.58,35.3
XOM,20200313,38.12,40.01,40.14,35.0,37.18,2.53,79891563,2942669747.66,36.83
XOM,20200312,37.18,39.9,40.65,37.0,41.98,-11.43,65725313,2534295705.71,38.56
XOM,20200311,41.98,42.39,43.48,41.75,43.41,-3.29,52015036,2199065528.44,42.28
XOM,20200310,43.41,46.17,46.26,41.45,41.86,3.7,60376719,2594272537.4,42.97
XOM,20200309,41.86,41.71,44.57,40.8,47.69,-12.22,72896313,3135052024.78,43.01
XOM,20200306,47.69,48.84,49.01,47.2,50.11,-4.83,55640489,2664834396.43,47.89
XOM,20200305,50.11,50.42,50.7,49.04,52.42,-4.41,40788165,2032923094.92,49.84
XOM,20200304,52.42,52.23,52.48,51.12,51.3,2.18,24079614,1249231038.39,51.88
XOM,20200303,51.3,53.95,54.15,50.98,53.88,-4.79,50580657,2630902697.84,52.01
XOM,20200302,53.88,52.59,53.89,51.13,51.44,4.74,38127633,2009993454.55,52.72
XOM,20200228,51.44,48.77,51.44,48.01,49.82,3.25,62468379,3124050005.56,50.01
XOM,20200227,49.82,51.71,52.43,49.8,53.01,-6.02,48141282,2462233864.75,51.15
XOM,20200226,53.01,54.55,54.82,52.93,54.2,-2.2,29812356,1601528916.71,53.72
XOM,20200225,54.2,56.75,56.75,53.97,56.36,-3.83,36414540,1998732414.37,54.89
XOM,20200224,56.36,57.62,57.8,56.36,59.13,-4.68,32096614,1823800380.51,56.82
XOM,20200221,59.13,59.51,59.51,58.79,59.86,-1.22,20315704,1201350770.33,59.13
XOM,20200220,59.86,60.23,60.54,59.72,60.34,-0.8,14817239,888930574.88,59.99
XOM,20200219,60.34,60.11,60.62,59.83,59.88,0.77,12804907,772039804.08,60.29
XOM,20200218,59.88,60.15,60.39,59.45,60.65,-1.27,18954758,1133475497.82,59.8
XOM,20200214,60.65,61.15,61.16,60.28,60.93,-0.46,10855301,658070002.95,60.62
XOM,20200213,60.93,61.06,61.42,60.56,61.27,-0.55,16949364,1031943315.04,60.88
XOM,20200212,61.27,61.34,61.53,60.56,60.53,1.22,17862133,1091883664.46,61.13
XOM,20200211,60.53,60.58,60.89,60.17,59.96,0.95,14908715,902358995.15,60.53
XOM,20200210,59.96,60.48,60.52,59.62,61.47,-2.46,20934458,1254759076.38,59.94
XOM,20200207,61.47,61.41,61.65,61.06,61.88,-0.66,15112536,927943063.77,61.4
XOM,20200206,61.88,62.93,63.01,61.78,62.73,-1.35,16055372,996216534.04,62.05
XOM,20200205,62.73,60.75,62.93,60.6,59.97,4.6,32099204,1996105114.54,62.19
XOM,20200204,59.97,61.45,61.91,59.89,60.73,-1.25,31922059,1930170617.33,60.47
XOM,20200203,60.73,61.38,61.42,60.37,62.12,-2.24,27397305,1665693102.8,60.8
XOM,20200131,62.12,63.2,63.2,61.86,64.79,-4.12,34282899,2135176592.34,62.28
XOM,20200130,64.79,63.78,64.88,63.43,64.11,1.06,18544665,1187433555.88,64.03
XOM,20200129,64.11,65.03,65.13,63.9,64.65,-0.84,14229485,917362105.64,64.47
XOM,20200128,64.65,65.11,65.2,64.63,64.74,-0.14,19664696,1276203255.96,64.9
XOM,20200127,64.74,65.42,65.73,64.7,66.32,-2.38,21231012,1380750521.63,65.03
XOM,20200124,66.32,66.54,66.68,66.04,66.77,-0.67,18238555,1209380452.93,66.31
XOM,20200123,66.77,66.71,66.93,66.05,67.19,-0.63,19605864,1303932961.17,66.51
XOM,20200122,67.19,67.56,67.7,67.0,67.58,-0.58,17033141,1144850294.51,67.21
XOM,20200121,67.58,68.38,68.42,67.51,68.56,-1.43,17982598,1220313396.45,67.86
XOM,20200117,68.56,68.75,69.08,68.29,68.82,-0.38,18144098,1244322277.13,68.58
XOM,20200116,68.82,69.3,69.59,68.8,69.09,-0.39,13340348,921079018.2,69.04
XOM,20200115,69.09,69.2,69.59,68.89,69.2,-0.16,11390258,787303790.73,69.12
XOM,20200114,69.2,69.38,69.58,68.89,69.8,-0.86,16267403,1125242309.62,69.17
XOM,20200113,69.8,69.2,69.87,69.11,69.14,0.95,9965211,693600648.93,69.6
XOM,20200110,69.14,69.93,69.96,69.12,69.76,-0.89,11997133,831902761.07,69.34
XOM,20200109,69.76,69.14,69.9,68.63,69.23,0.77,14812442,1027958308.46,69.4
XOM,20200108,69.23,70.11,70.29,69.17,70.29,-1.51,15140731,1052523162.18,69.52
XOM,20200107,70.29,70.5,70.52,69.51,70.87,-0.82,17496313,1225126898.87,70.02
XOM,20200106,70.87,70.32,71.35,70.23,70.33,0.77,20082493,1422157727.46,70.82
XOM,20200103,70.33,71.34,71.37,70.16,70.9,-0.8,17390567,1226657521.02,70.54
XOM,20200102,70.9,70.24,71.02,70.24,69.78,1.61,12406911,878141272.3,70.78
XOM,20191231,69.78,69.02,69.8,69.01,69.48,0.43,13158024,914033939.91,69.47
XOM,20191230,69.48,70.09,70.43,69.4,69.89,-0.59,12691254,886310272.49,69.84
XOM,20191227,69.89,70.2,70.31,69.88,70.13,-0.34,10518520,737109502.63,70.08
XOM,20191226,70.13,70.19,70.5,70.01,70.02,0.16,8842250,621268855.31,70.26
XOM,20191224,70.02,70.35,70.5,69.91,70.29,-0.38,3979442,279009005.27,70.11
XOM,20191223,70.29,69.86,70.3,69.53,69.94,0.5,14173809,993548633.07,70.1
XOM,20191220,69.94,69.86,70.23,69.39,69.39,0.79,35093469,2454848026.01,69.95
XOM,20191219,69.39,69.99,70.05,69.24,69.87,-0.69,13278704,922620314.92,69.48
XOM,20191218,69.87,69.63,70.29,69.28,69.68,0.27,13652309,954877946.51,69.94
XOM,20191217,69.68,69.98,70.38,69.31,70.0,-0.46,14457719,1009722858.85,69.84
XOM,20191216,70.0,69.7,70.25,69.7,69.23,1.11,15209258,1064596318.1,70.0
XOM,20191213,69.23,70.48,70.54,69.12,70.34,-1.58,12276520,855449937.68,69.68
XOM,20191212,70.34,68.96,70.38,68.9,68.96,2.0,17074899,1195881531.22,70.04
XOM,20191211,68.96,68.74,69.76,68.67,69.06,-0.14,13748805,951266014.15,69.19
XOM,20191210,69.06,69.66,70.15,68.7,69.66,-0.86,14283426,988076090.33,69.18
XOM,20191209,69.66,69.08,69.97,69.02,69.51,0.22,12406434,864558419.62,69.69
XOM,20191206,69.51,68.76,69.87,68.76,68.41,1.61,13711715,953512578.83,69.54
XOM,20191205,68.41,68.89,68.97,68.21,68.65,-0.35,13110778,898009680.78,68.49
XOM,20191204,68.65,68.25,68.76,68.14,67.88,1.13,11051692,757198919.09,68.51
XOM,20191203,67.88,68.0,68.25,67.52,68.42,-0.79,12867766,873575944.25,67.89
XOM,20191202,68.42,68.5,68.88,68.37,68.13,0.43,11117997,762114301.46,68.55
XOM,20191129,68.13,68.33,68.53,68.0,68.7,-0.83,7980848,544030529.46,68.17
XOM,20191127,68.7,68.76,69.09,68.41,68.74,-0.06,8396164,577021299.62,68.72
XOM,20191126,68.74,68.92,69.04,68.43,68.91,-0.25,15461903,1062385808.94,68.71
XOM,20191125,68.91,69.37,69.44,68.71,69.37,-0.66,10671465,735341872.21,68.91
XOM,20191122,69.37,69.71,70.18,69.33,69.67,-0.43,12143555,844940056.41,69.58
XOM,20191121,69.67,68.02,69.75,67.92,68.03,2.41,14080938,974485310.74,69.21
XOM,20191120,68.03,67.67,68.54,67.32,67.82,0.31,16931766,1150985997.56,67.98
XOM,20191119,67.82,68.4,68.56,67.78,68.52,-1.02,12614043,858362958.71,68.05
XOM,20191118,68.52,68.7,68.82,68.3,69.19,-0.97,10098938,691801450.06,68.5
XOM,20191115,69.19,68.71,69.3,68.67,68.5,1.01,11253688,777224663.02,69.06
XOM,20191114,68.5,68.86,68.97,68.18,68.8,-0.44,11281012,773163312.58,68.54
XOM,20191113,68.8,69.02,69.15,68.6,69.37,-0.82,12042872,829481663.72,68.88
XOM,20191112,69.37,70.27,70.41,68.98,70.34,-1.38,13918872,968835556.87,69.61
XOM,20191111,70.34,70.21,70.61,69.97,70.77,-0.61,8675981,610140992.65,70.33
XOM,20191108,70.77,71.61,71.8,70.66,73.01,-3.07,12107598,858528028.93,70.91
XOM,20191107,73.01,72.03,73.03,72.0,71.49,2.13,13073782,950373742.3,72.69
XOM,20191106,71.49,72.73,72.87,71.2,73.09,-2.19,13996461,1004600187.21,71.78
XOM,20191105,73.09,72.04,73.12,71.85,71.67,1.98,14930415,1085339748.19,72.69
XOM,20191104,71.67,70.07,71.87,69.94,69.6,2.97,15858153,1131436494.69,71.35
XOM,20191101,69.6,68.39,69.6,68.31,67.57,3.0,14108731,975802091.61,69.16
XOM,20191031,67.57,67.46,67.72,67.14,67.72,-0.22,16169055,1090322938.08,67.43
XOM,20191030,67.72,68.37,68.37,67.27,68.44,-1.05,12840563,869349773.01,67.7
XOM,20191029,68.44,68.48,69.03,68.24,68.64,-0.29,13894442,953235140.63,68.61
XOM,20191028,68.64,69.46,69.67,68.59,69.25,-0.88,11209579,772410568.61,68.91
XOM,20191025,69.25,68.9,69.48,68.9,69.09,0.23,7607192,526790385.56,69.25
XOM,20191024,69.09,69.96,70.05,69.02,69.75,-0.95,9069090,627832305.28,69.23
XOM,20191023,69.75,68.96,69.76,68.78,69.09,0.96,8722965,605932084.37,69.46
XOM,20191022,69.09,68.78,69.76,68.65,68.74,0.51,9503141,657868192.61,69.23
XOM,20191021,68.74,67.82,68.77,67.82,67.61,1.67,10473348,718100979.12,68.56
XOM,20191018,67.61,67.87,68.15,67.61,68.14,-0.78,13473727,913432391.38,67.79
XOM,20191017,68.14,68.48,68.88,68.08,68.23,-0.13,9931754,678624802.92,68.33
XOM,20191016,68.23,69.21,69.53,68.21,69.42,-1.71,9811266,674054607.29,68.7
XOM,20191015,69.42,69.06,70.0,69.01,69.18,0.35,6655121,463097965.74,69.59
XOM,20191014,69.18,68.6,69.37,68.59,68.98,0.29,6864352,474074760.3,69.06
XOM,20191011,68.98,68.98,69.49,68.88,68.25,1.07,10176020,703880411.76,69.17
XOM,20191010,68.25,67.43,68.36,67.38,67.44,1.2,8447219,575262371.68,68.1
XOM,20191009,67.44,67.3,67.7,67.2,66.7,1.11,8626168,581715101.99,67.44
XOM,20191008,66.7,67.54,67.92,66.64,68.02,-1.94,10349383,695177360.21,67.17
XOM,20191007,68.02,68.7,69.03,68.02,68.97,-1.38,11576036,792001104.67,68.42
XOM,20191004,68.97,68.11,69.07,67.82,67.98,1.46,10589036,725327809.11,68.5
XOM,20191003,67.98,67.0,68.0,66.3,67.15,1.24,12782930,861459599.93,67.39
XOM,20191002,67.15,68.27,68.59,67.01,68.95,-2.61,14635321,987590070.72,67.48
XOM,20191001,68.95,70.83,70.91,68.91,70.61,-2.35,11431461,794408748.41,69.49
XOM,20190930,70.61,71.24,71.45,70.58,71.48,-1.22,10159344,720339132.75,70.9
XOM,20190927,71.48,70.7,71.67,70.63,70.97,0.72,8224746,586782215.6,71.34
XOM,20190926,70.97,71.22,71.35,70.68,71.35,-0.53,8443867,599924025.44,71.05
XOM,20190925,71.35,70.98,71.47,70.82,71.14,0.3,8056586,573980987.95,71.24
XOM,20190924,71.14,71.81,71.87,70.82,72.13,-1.37,14306864,1019670126.74,71.27
XOM,20190923,72.13,71.52,72.36,71.46,72.08,0.07,7808262,563065453.98,72.11
XOM,20190920,72.08,72.49,72.5,71.85,72.33,-0.35,19862817,1434429023.14,72.22
XOM,20190919,72.33,72.97,73.19,72.19,72.82,-0.67,8316785,602951942.29,72.5
XOM,20190918,72.82,72.65,72.97,72.33,73.17,-0.48,7375223,536132218.69,72.69
XOM,20190917,73.17,73.82,74.08,72.63,73.73,-0.76,14644958,1073021398.41,73.27
XOM,20190916,73.73,75.04,75.18,73.6,72.64,1.5,19830184,1467401848.05,74.0
XOM,20190913,72.64,72.26,72.72,72.06,71.98,0.92,7337195,531783069.41,72.48
XOM,20190912,71.98,70.98,72.15,70.7,71.93,0.07,9100652,653031918.11,71.76
XOM,20190911,71.93,72.78,72.84,71.55,72.07,-0.19,10525668,759235442.2,72.13
XOM,20190910,72.07,72.14,72.85,71.62,71.49,0.81,13810790,997409798.54,72.22
XOM,20190909,71.49,71.16,72.07,70.98,70.93,0.79,12840418,918508394.74,71.53
XOM,20190906,70.93,70.35,70.95,70.12,70.27,0.94,10418504,736070433.15,70.65
XOM,20190905,70.27,69.84,70.55,69.7,69.29,1.41,9902285,695101847.5,70.2
XOM,20190904,69.29,69.5,69.61,69.09,68.56,1.06,6973484,483362168.99,69.31
XOM,20190903,68.56,67.89,68.68,67.63,68.48,0.12,9849840,672146226.11,68.24
XOM,20190830,68.48,68.61,69.08,68.06,68.43,0.07,9181055,628670840.65,68.47
XOM,20190829,68.43,68.3,68.67,68.09,67.68,1.11,9004453,616165723.34,68.43
XOM,20190828,67.68,67.53,67.98,67.16,67.19,0.73,9656817,653703712.62,67.69
XOM,20190827,67.19,68.13,68.44,66.97,67.85,-0.97,9494621,640230772.73,67.43
XOM,20190826,67.85,68.12,68.26,67.53,67.49,0.53,7344633,498227601.02,67.84
XOM,20190823,67.49,68.82,69.52,67.03,69.57,-2.99,15373739,1044013796.62,67.91
XOM,20190822,69.57,69.91,69.96,69.25,69.72,-0.22,8973176,625067913.7,69.66
XOM,20190821,69.72,69.96,69.98,69.37,69.03,1.0,10134524,706373363.52,69.7
XOM,20190820,69.03,69.3,69.3,68.71,69.45,-0.6,9744254,672594248.05,69.02
XOM,20190819,69.45,68.97,69.65,68.86,68.3,1.68,10032825,695791483.05,69.35
XOM,20190816,68.3,67.78,68.46,67.27,67.25,1.56,12649036,860628949.41,68.04
XOM,20190815,67.25,67.46,67.55,66.52,67.65,-0.59,12874372,865119265.4,67.2
XOM,20190814,67.65,69.07,69.09,67.65,70.49,-4.03,18114364,1233983009.08,68.12
XOM,20190813,70.49,69.27,70.62,68.92,69.63,1.24,12438512,873499517.92,70.23
XOM,20190812,69.63,70.06,70.16,69.33,70.84,-1.71,9542598,664719217.12,69.66
XOM,20190809,70.84,72.13,72.25,70.47,72.38,-2.13,13686606,971939283.51,71.01
XOM,20190808,72.38,70.85,72.41,70.62,70.5,2.67,14304051,1026367182.44,71.75
XOM,20190807,70.5,69.86,70.88,69.4,70.96,-0.65,15231051,1068284532.74,70.14
XOM,20190806,70.96,70.29,71.01,70.28,70.28,0.97,12282364,867916118.16,70.66
XOM,20190805,70.28,70.78,70.92,69.61,71.75,-2.05,19080930,1340986790.46,70.28
XOM,20190802,71.75,72.61,73.26,71.18,72.46,-0.98,21376743,1533464913.08,71.74
XOM,20190801,72.46,73.74,74.27,72.27,74.36,-2.56,17132817,1254456260.07,73.22
XOM,20190731,74.36,75.04,75.66,74.26,75.35,-1.31,13104594,981154096.69,74.87
XOM,20190730,75.35,75.06,75.55,74.89,75.34,0.01,6961195,523946133.94,75.27
XOM,20190729,75.34,74.88,75.38,74.7,74.81,0.71,7091891,532791842.7,75.13
XOM,20190726,74.81,74.87,75.08,74.6,74.93,-0.16,7677426,574425074.74,74.82
XOM,20190725,74.93,75.78,75.78,74.8,75.36,-0.57,9083914,681434377.92,75.02
XOM,20190724,75.36,75.39,76.05,74.85,75.37,-0.01,8260246,623851758.53,75.52
XOM,20190723,75.37,75.15,75.77,74.75,75.07,0.4,8551203,644500741.08,75.37
XOM,20190722,75.07,75.24,75.3,74.5,74.99,0.11,8370141,626911892.92,74.9
XOM,20190719,74.99,74.9,75.25,74.54,74.84,0.2,11243309,843487679.97,75.02
XOM,20190718,74.84,75.03,75.27,74.18,75.48,-0.85,11425665,854035335.75,74.75
XOM,20190717,75.48,75.74,75.96,75.35,75.93,-0.59,7419313,560399274.01,75.53
XOM,20190716,75.93,76.92,77.07,75.79,77.08,-1.49,10197360,777550729.27,76.25
XOM,20190715,77.08,77.63,77.74,76.89,77.63,-0.71,7116356,549357797.3,77.2
XOM,20190712,77.63,77.75,77.88,77.5,77.57,0.08,6139301,476735140.55,77.65
XOM,20190711,77.57,77.41,77.61,77.05,77.51,0.08,6404195,495684071.79,77.4
XOM,20190710,77.51,76.8,77.63,76.74,76.43,1.41,8077367,624277830.0,77.29
XOM,20190709,76.43,76.45,76.77,75.73,76.48,-0.07,7863027,600742300.21,76.4
XOM,20190708,76.48,76.14,76.7,75.91,76.13,0.46,7876098,602130795.28,76.45
XOM,20190705,76.13,76.19,76.35,75.59,76.44,-0.41,6881113,523120830.55,76.02
XOM,20190703,76.44,75.82,76.5,75.63,75.72,0.95,5246098,399153007.12,76.09
XOM,20190702,75.72,76.14,76.27,75.41,76.56,-1.1,10475418,792957789.67,75.7
XOM,20190701,76.56,77.13,77.93,76.29,76.63,-0.09,11453770,880940433.15,76.91
XOM,20190628,76.63,76.19,76.73,75.94,75.82,1.07,14781297,1129418209.95,76.41
XOM,20190627,75.82,76.59,76.75,75.76,76.6,-1.02,8147805,620708804.52,76.18
XOM,20190626,76.6,76.68,77.13,76.47,76.27,0.43,11365477,872503790.42,76.77
XOM,20190625,76.27,77.08,77.22,76.19,76.95,-0.88,9739969,745468036.57,76.54
XOM,20190624,76.95,77.53,77.76,76.81,77.69,-0.95,10012235,771699100.06,77.08
XOM,20190621,77.69,77.14,77.76,76.87,76.61,1.41,23108129,1788754165.17,77.41
XOM,20190620,76.61,76.24,76.98,76.08,75.32,1.71,16229715,1241943186.31,76.52
XOM,20190619,75.32,75.4,75.85,75.17,75.74,-0.55,9757391,735860433.41,75.42
XOM,20190618,75.74,75.42,76.22,75.35,75.09,0.87,10091485,765208072.52,75.83
XOM,20190617,75.09,74.16,75.19,74.04,74.35,1.0,9355715,701140718.17,74.94
XOM,20190614,74.35,74.68,74.81,74.23,74.68,-0.44,8575906,638456417.08,74.45
XOM,20190613,74.68,74.7,75.17,74.38,74.03,0.88,8986426,671242941.27,74.7
XOM,20190612,74.03,74.48,74.61,73.81,74.84,-1.08,7921020,587172562.73,74.13
XOM,20190611,74.84,75.51,75.81,74.82,74.91,-0.09,9415133,708801378.33,75.28
XOM,20190610,74.91,75.19,75.33,74.45,74.58,0.44,7760402,581337192.66,74.91
XOM,20190607,74.58,74.51,74.96,74.43,74.31,0.36,9095481,679408809.74,74.7
XOM,20190606,74.31,73.71,74.62,73.59,72.98,1.82,11738903,870909248.79,74.19
XOM,20190605,72.98,73.64,73.64,72.59,73.59,-0.83,10617833,774590008.21,72.95
XOM,20190604,73.59,72.45,73.66,72.17,71.88,2.38,10423020,762755582.14,73.18
XOM,20190603,71.88,71.09,72.01,70.97,70.77,1.57,11831254,847232502.24,71.61
XOM,20190531,70.77,71.19,71.55,70.63,71.97,-1.67,13983305,992817437.68,71.0
XOM,20190530,71.97,72.02,72.13,71.53,72.16,-0.26,9362145,672749752.66,71.86
XOM,20190529,72.16,71.89,72.43,71.62,72.61,-0.62,13645184,983379783.28,72.07
XOM,20190528,72.61,74.24,74.25,72.49,74.1,-2.01,14912926,1088955352.72,73.02
XOM,20190524,74.1,74.14,74.25,73.44,73.79,0.42,7056567,521732220.74,73.94
XOM,20190523,73.79,74.77,74.8,73.04,75.56,-2.34,14657223,1078921101.82,73.61
XOM,20190522,75.56,76.02,76.22,75.38,76.25,-0.9,7858317,595225069.98,75.74
XOM,20190521,76.25,76.27,76.46,75.93,75.9,0.46,8490106,647400255.42,76.25
XOM,20190520,75.9,76.05,76.36,75.67,75.91,-0.01,7154621,543355566.92,75.94
XOM,20190517,75.91,75.65,76.3,75.59,76.36,-0.59,9279383,705009539.83,75.98
XOM,20190516,76.36,76.4,76.95,76.22,76.37,-0.01,8105629,619920945.71,76.48
XOM,20190515,76.37,75.57,76.55,75.21,75.81,0.74,8918004,678724251.6,76.11
XOM,20190514,75.81,76.13,76.8,75.76,75.71,0.13,10548426,803685568.49,76.19
XOM,20190513,75.71,75.65,76.23,75.36,76.56,-1.11,12176297,921990341.24,75.72
XOM,20190510,76.56,76.18,76.79,75.17,76.77,-0.27,11055958,840685029.62,76.04
XOM,20190509,76.77,76.35,76.88,75.96,76.84,-0.09,13221649,1010727648.86,76.44
XOM,20190508,76.84,76.54,77.29,76.42,76.72,0.16,11352860,872668316.09,76.87
XOM,20190507,76.72,76.5,76.79,75.77,77.13,-0.53,13498821,1029414662.93,76.26
XOM,20190506,77.13,76.92,77.66,76.71,77.47,-0.44,13367125,1031999528.64,77.2
XOM,20190503,77.47,77.79,78.21,77.44,77.29,0.23,12180739,947331444.9,77.77
XOM,20190502,77.29,78.28,78.5,77.24,78.67,-1.75,15360387,1194901524.04,77.79
XOM,20190501,78.67,79.94,80.26,78.62,80.28,-2.01,13909750,1102734406.37,79.28
XOM,20190430,80.28,80.37,80.52,79.93,79.97,0.39,13721520,1100981764.54,80.24
XOM,20190429,79.97,80.12,80.38,79.66,80.49,-0.65,10023668,801632824.63,79.97
XOM,20190426,80.49,80.27,80.63,79.56,82.22,-2.1,18053469,1445732575.44,80.08
XOM,20190425,82.22,81.65,82.84,81.4,81.76,0.56,11135004,915223904.58,82.19
XOM,20190424,81.76,83.01,83.08,81.73,83.38,-1.94,11684020,959201958.7,82.1
XOM,20190423,83.38,83.19,83.49,82.68,82.9,0.58,10595102,881268820.24,83.18
XOM,20190422,82.9,81.87,83.22,81.64,81.13,2.18,10770598,891913198.84,82.81
XOM,20190418,81.13,81.56,81.83,81.07,81.43,-0.37,9493887,772195799.38,81.34
XOM,20190417,81.43,81.55,81.7,81.08,81.2,0.28,8311363,676996255.21,81.45
XOM,20190416,81.2,80.81,81.35,80.69,80.65,0.68,7005715,568142476.36,81.1
XOM,20190415,80.65,80.89,81.06,80.52,80.92,-0.33,8536137,689067734.34,80.72
XOM,20190412,80.92,82.81,82.81,80.57,81.95,-1.26,16638657,1351606277.02,81.23
XOM,20190411,81.95,81.54,82.07,81.02,81.56,0.48,9115234,744928789.34,81.72
XOM,20190410,81.56,81.92,82.08,81.41,81.93,-0.45,10324305,843146746.67,81.67
XOM,20190409,81.93,82.52,82.58,81.74,83.0,-1.29,8561582,701856249.37,81.98
XOM,20190408,83.0,82.67,83.2,82.59,82.49,0.62,9108520,755202859.47,82.91
XOM,20190405,82.49,82.15,82.53,81.95,82.05,0.54,10059368,828203912.73,82.33
XOM,20190404,82.05,81.12,82.08,80.77,80.9,1.42,9360594,764359007.12,81.66
XOM,20190403,80.9,81.77,81.77,80.6,81.38,-0.59,8562910,694026364.43,81.05
XOM,20190402,81.38,81.75,81.95,81.11,81.73,-0.43,7646035,622116533.48,81.36
XOM,20190401,81.73,81.23,81.78,81.08,80.8,1.15,10816446,882218529.35,81.56
XOM,20190329,80.8,81.33,81.48,80.48,80.74,0.07,10889250,879430062.25,80.76
XOM,20190328,80.74,80.03,80.79,80.02,80.34,0.5,7412348,596710306.34,80.5
XOM,20190327,80.34,80.97,81.31,79.82,80.96,-0.77,7258731,583805950.0,80.43
XOM,20190326,80.96,80.33,81.27,80.18,79.92,1.3,9473082,765835285.84,80.84
XOM,20190325,79.92,80.0,80.44,79.59,80.48,-0.7,11320387,905601606.24,80.0
XOM,20190322,80.48,81.23,81.44,80.3,81.79,-1.6,12497708,1009377386.62,80.77
XOM,20190321,81.79,80.81,81.89,80.8,81.32,0.58,10116958,825225058.27,81.57
XOM,20190320,81.32,80.75,81.92,80.56,80.87,0.56,13133739,1067944980.15,81.31
XOM,20190319,80.87,81.58,82.0,80.64,81.08,-0.26,13936497,1131683930.43,81.2
XOM,20190318,81.08,80.44,81.25,80.44,80.15,1.16,9840551,797226384.14,81.01
XOM,20190315,80.15,80.18,80.55,80.1,80.44,-0.36,25316598,2031431798.36,80.24
XOM,20190314,80.44,80.8,80.91,80.35,80.71,-0.33,9976797,804054094.36,80.59
XOM,20190313,80.71,80.59,80.76,80.2,80.0,0.89,10260235,826433159.55,80.55
XOM,20190312,80.0,80.11,80.58,79.89,79.78,0.28,11320149,907094825.56,80.13
XOM,20190311,79.78,79.98,80.29,79.65,79.01,0.97,11060875,884082498.88,79.93
XOM,20190308,79.01,78.89,79.32,78.25,80.16,-1.43,16211254,1277482496.17,78.8
XOM,20190307,80.16,79.55,80.26,79.32,79.28,1.11,16541731,1320233630.17,79.81
XOM,20190306,79.28,78.85,79.38,77.86,80.19,-1.13,18633598,1466980443.7,78.73
XOM,20190305,80.19,80.12,80.4,79.75,80.31,-0.15,13745465,1100901727.8,80.09
XOM,20190304,80.31,80.24,80.54,79.01,80.0,0.39,18090161,1446246774.95,79.95
XOM,20190301,80.0,79.38,80.0,79.03,79.03,1.23,15419422,1227427731.58,79.6
XOM,20190228,79.03,79.45,79.75,78.71,79.47,-0.55,14597883,1154406412.2,79.08
XOM,20190227,79.47,78.88,79.75,78.66,78.66,1.03,12398208,984020935.35,79.37
XOM,20190226,78.66,78.68,79.13,78.39,78.5,0.2,10990586,865300870.47,78.73
XOM,20190225,78.5,78.43,78.85,78.2,78.42,0.1,9274379,728760344.56,78.58
XOM,20190222,78.42,78.71,78.95,77.62,77.82,0.77,9519281,744424014.09,78.2
XOM,20190221,77.82,78.21,78.66,77.61,78.53,-0.9,10266012,799517065.89,77.88
XOM,20190220,78.53,78.3,78.81,78.0,78.23,0.38,12633125,991883442.28,78.51
XOM,20190219,78.23,77.56,78.48,77.45,77.71,0.67,13551469,1057591915.23,78.04
XOM,20190215,77.71,76.94,77.76,76.75,76.27,1.89,14330340,1107081746.84,77.25
XOM,20190214,76.27,76.26,76.65,75.71,76.25,0.03,12773211,973327606.67,76.2
XOM,20190213,76.25,75.58,76.54,75.51,75.4,1.13,13214555,1005480927.51,76.09
XOM,20190212,75.4,75.08,75.45,74.82,74.1,1.75,12599208,947156851.08,75.18
XOM,20190211,74.1,73.88,74.22,73.4,73.98,0.16,10434911,771543816.57,73.94
XOM,20190208,73.98,73.76,74.07,72.73,74.68,-0.94,11959688,879715206.23,73.56
XOM,20190207,74.68,74.95,75.19,73.9,75.26,-0.77,14418911,1075024907.77,74.56
XOM,20190206,75.26,75.58,75.77,75.13,75.59,-0.44,10866903,819461266.84,75.41
XOM,20190205,75.59,75.18,75.64,75.01,74.82,1.03,12786735,963421637.7,75.35
XOM,20190204,74.82,75.76,75.76,74.4,75.92,-1.45,15483836,1157179776.37,74.73
XOM,20190201,75.92,74.92,76.49,74.32,73.28,3.6,22968696,1737565958.06,75.65
XOM,20190131,73.28,72.29,73.49,72.02,72.29,1.37,19876696,1445965949.07,72.75
XOM,20190130,72.29,71.77,72.57,71.51,71.51,1.09,11524723,830916428.26,72.1
XOM,20190129,71.51,71.7,72.19,71.48,71.24,0.38,10513243,753747997.7,71.7
XOM,20190128,71.24,71.02,71.28,70.37,71.72,-0.67,13678450,970324649.15,70.94
XOM,20190125,71.72,72.07,72.27,71.54,71.4,0.45,8998324,646345104.76,71.83
XOM,20190124,71.4,71.1,71.97,70.64,71.3,0.14,11272715,803740149.32,71.3
XOM,20190123,71.3,72.01,72.3,70.93,71.89,-0.82,13187223,942510569.08,71.47
XOM,20190122,71.89,72.39,72.71,71.68,72.99,-1.51,15035602,1081876216.99,71.95
XOM,20190118,72.99,73.27,73.29,72.13,72.13,1.19,15759165,1145907196.06,72.71
XOM,20190117,72.13,71.19,72.34,70.9,71.64,0.68,10141743,726944905.34,71.68
XOM,20190116,71.64,71.42,72.38,71.31,71.67,-0.04,12595641,904824295.95,71.84
XOM,20190115,71.67,71.95,72.36,71.32,71.63,0.06,10298309,738072566.32,71.67
XOM,20190114,71.63,71.21,71.78,71.12,71.72,-0.13,11012360,787699816.76,71.53
XOM,20190111,71.72,71.85,71.89,71.07,72.05,-0.46,9790133,700579959.45,71.56
XOM,20190110,72.05,72.07,72.08,71.12,72.42,-0.51,13151118,943383626.87,71.73
XOM,20190109,72.42,72.6,72.6,71.65,72.04,0.53,13473520,972905296.26,72.21
XOM,20190108,72.04,72.54,72.59,71.94,71.52,0.73,11438965,826270781.72,72.23
XOM,20190107,71.52,71.25,72.1,70.74,71.15,0.52,10844161,776355130.94,71.59
XOM,20190104,71.15,69.64,71.27,69.36,68.62,3.69,16043641,1134128207.06,70.69
XOM,20190103,68.62,70.0,70.25,68.35,69.69,-1.54,13866114,956074023.55,68.95
XOM,20190102,69.69,67.35,69.87,67.26,68.19,2.2,16727247,1156406489.76,69.13
